Voltage_ch_1 ,Capacity_ch_1, Voltage_dch_1, Capacity_dch_1,Voltage_ch_2,Capacity_ch_2, Voltage_dch_2, Capacity_dch_2,Voltage_ch_3,Capacity_ch_3, Voltage_dch_3, Capacity_dch_3,Voltage_ch_4,Capacity_ch_4, Voltage_dch_4, Capacity_dch_4,Voltage_ch_5,Capacity_ch_5, Voltage_dch_5, Capacity_dch_5,Voltage_ch_6,Capacity_ch_6, Voltage_dch_6, Capacity_dch_6,Voltage_ch_7,Capacity_ch_7, Voltage_dch_7, Capacity_dch_7,Voltage_ch_8,Capacity_ch_8, Voltage_dch_8, Capacity_dch_8,Voltage_ch_9,Capacity_ch_9, Voltage_dch_9, Capacity_dch_9,Voltage_ch_10,Capacity_ch_10, Voltage_dch_10, Capacity_dch_10,Voltage_ch_11,Capacity_ch_11, Voltage_dch_11, Capacity_dch_11,Voltage_ch_12,Capacity_ch_12, Voltage_dch_12, Capacity_dch_12,Voltage_ch_13,Capacity_ch_13, Voltage_dch_13, Capacity_dch_13,Voltage_ch_14,Capacity_ch_14, Voltage_dch_14, Capacity_dch_14,Voltage_ch_15,Capacity_ch_15, Voltage_dch_15, Capacity_dch_15,Voltage_ch_16,Capacity_ch_16, Voltage_dch_16, Capacity_dch_16,Voltage_ch_17,Capacity_ch_17, Voltage_dch_17, Capacity_dch_17,Voltage_ch_18,Capacity_ch_18, Voltage_dch_18, Capacity_dch_18,Voltage_ch_19,Capacity_ch_19, Voltage_dch_19, Capacity_dch_19,Voltage_ch_20,Capacity_ch_20, Voltage_dch_20, Capacity_dch_20,Voltage_ch_21,Capacity_ch_21, Voltage_dch_21, Capacity_dch_21
2.9704,0,3.3071,0,2.7568,0,3.3104,0,2.7535,0,3.3096,0,2.7562,0,3.3089,0,2.7666,0,3.3083,0,2.7884,0,3.3066,0,2.8055,0,3.3052,0,2.8497,0,3.3029,0,2.8496,0,3.3008,0,2.8638,0,3.2986,0,2.8711,0,3.2992,0,2.8852,0,3.2983,0,2.8976,0,3.2937,0,2.8977,0,3.2976,0,2.8996,0,3.2976,0,2.9058,0,3.2971,0,2.9074,0,3.2978,0,2.9278,0,3.3033,0,2.9557,0,3.2827,0,2.9573,0,3.2871,0,2.9606,0,3.2855,0
3.1354,0.1084,3.2604,0.1083,2.9723,0.1084,3.2621,0.1083,2.9709,0.1084,3.2621,0.1083,2.9717,0.1084,3.2623,0.1083,2.9767,0.1084,3.2628,0.1083,2.9879,0.1084,3.2614,0.1083,2.9966,0.1084,3.2601,0.1083,3.0269,0.1084,3.2533,0.1083,3.0292,0.1084,3.2514,0.1083,3.0408,0.1084,3.2468,0.1083,3.0451,0.1084,3.2471,0.1083,3.0548,0.1084,3.2452,0.1083,3.0714,0.1084,3.2348,0.1083,3.0674,0.1084,3.2419,0.1083,3.0719,0.1084,3.2375,0.1083,3.0918,0.1084,3.221,0.1083,3.0934,0.1084,3.2235,0.1083,3.1042,0.1084,3.2299,0.1083,3.1403,0.1084,3.2039,0.1083,3.1362,0.1084,3.2123,0.1083,3.1429,0.1084,3.2098,0.1083
3.1887,0.2167,3.2576,0.2166,3.0634,0.2167,3.2599,0.2167,3.0631,0.2167,3.2598,0.2167,3.0637,0.2167,3.2599,0.2167,3.0674,0.2167,3.2604,0.2167,3.0758,0.2167,3.2587,0.2167,3.0818,0.2168,3.2571,0.2167,3.1066,0.2168,3.2491,0.2166,3.1095,0.2168,3.2469,0.2166,3.1202,0.2168,3.2414,0.2166,3.1232,0.2168,3.2416,0.2166,3.1315,0.2168,3.2393,0.2166,3.1482,0.2168,3.227,0.2166,3.1433,0.2168,3.2349,0.2166,3.1487,0.2168,3.2296,0.2166,3.172,0.2168,3.21,0.2166,3.1734,0.2168,3.213,0.2166,3.1811,0.2168,3.2201,0.2166,3.2171,0.2168,3.1907,0.2166,3.2122,0.2168,3.2002,0.2166,3.2193,0.2168,3.1973,0.2166
3.2292,0.3251,3.2565,0.325,3.1263,0.3251,3.2593,0.325,3.1264,0.3251,3.2592,0.325,3.127,0.3251,3.2593,0.325,3.13,0.3251,3.2597,0.325,3.1368,0.3251,3.2579,0.325,3.1415,0.3251,3.2561,0.325,3.1631,0.3251,3.2477,0.325,3.1662,0.3251,3.2454,0.325,3.1762,0.3252,3.2395,0.3249,3.1785,0.3252,3.2397,0.3249,3.1859,0.3252,3.237,0.3249,3.2025,0.3252,3.224,0.3249,3.1971,0.3252,3.2321,0.3249,3.2029,0.3252,3.2264,0.3249,3.228,0.3252,3.2053,0.3248,3.2292,0.3252,3.2085,0.3249,3.2351,0.3252,3.2159,0.3249,3.2706,0.3252,3.1847,0.3248,3.2652,0.3252,3.1948,0.3249,3.2725,0.3252,3.1917,0.3249
3.2621,0.4334,3.2557,0.4333,3.1746,0.4334,3.2589,0.4333,3.175,0.4335,3.2588,0.4333,3.1755,0.4335,3.2588,0.4333,3.1781,0.4335,3.2592,0.4333,3.1839,0.4335,3.2573,0.4333,3.1877,0.4335,3.2555,0.4333,3.2071,0.4335,3.2468,0.4333,3.2104,0.4335,3.2445,0.4333,3.2199,0.4335,3.2385,0.4333,3.2217,0.4335,3.2386,0.4333,3.2284,0.4336,3.2358,0.4332,3.2448,0.4336,3.2224,0.4332,3.239,0.4336,3.2305,0.4332,3.245,0.4336,3.2247,0.4332,3.2711,0.4336,3.2028,0.4331,3.2721,0.4336,3.206,0.4332,3.2766,0.4336,3.2134,0.4332,3.3099,0.4336,3.1813,0.4331,3.304,0.4336,3.1917,0.4332,3.3101,0.4336,3.1883,0.4331
3.2876,0.5418,3.2551,0.5416,3.2137,0.5418,3.2586,0.5416,3.2142,0.5418,3.2584,0.5416,3.2146,0.5418,3.2583,0.5417,3.2169,0.5419,3.2587,0.5416,3.222,0.5419,3.2568,0.5416,3.2252,0.5419,3.2549,0.5416,3.2429,0.5419,3.2461,0.5416,3.2462,0.5419,3.2438,0.5416,3.2552,0.5419,3.2377,0.5416,3.2566,0.5419,3.2378,0.5416,3.2627,0.5419,3.2349,0.5416,3.2786,0.542,3.2212,0.5415,3.2726,0.542,3.2294,0.5415,3.2786,0.542,3.2234,0.5415,3.304,0.542,3.2011,0.5414,3.3039,0.542,3.2043,0.5415,3.3049,0.542,3.2116,0.5415,3.3324,0.542,3.1791,0.5414,3.3255,0.542,3.1895,0.5414,3.3301,0.542,3.1859,0.5414
3.3002,0.6501,3.2543,0.6499,3.2459,0.6502,3.2582,0.65,3.2465,0.6502,3.258,0.65,3.2467,0.6502,3.2579,0.65,3.2488,0.6502,3.2582,0.65,3.2532,0.6502,3.2563,0.65,3.2559,0.6503,3.2544,0.65,3.2716,0.6503,3.2453,0.6499,3.2745,0.6503,3.2431,0.6499,3.2823,0.6503,3.2369,0.6499,3.2829,0.6503,3.237,0.6499,3.2875,0.6503,3.234,0.6499,3.3008,0.6503,3.2203,0.6498,3.2945,0.6503,3.2284,0.6499,3.2998,0.6504,3.2224,0.6498,3.3222,0.6504,3.1997,0.6497,3.3202,0.6504,3.203,0.6497,3.3184,0.6504,3.2101,0.6498,3.344,0.6504,3.1773,0.6497,3.3367,0.6504,3.1877,0.6497,3.3411,0.6504,3.184,0.6497
3.306,0.7585,3.2537,0.7583,3.2704,0.7585,3.2577,0.7583,3.2708,0.7585,3.2575,0.7583,3.2707,0.7585,3.2574,0.7583,3.2721,0.7586,3.2576,0.7583,3.2746,0.7586,3.2557,0.7583,3.2762,0.7586,3.2537,0.7583,3.2871,0.7586,3.2447,0.7582,3.2892,0.7587,3.2424,0.7582,3.2953,0.7587,3.2362,0.7582,3.2952,0.7587,3.2363,0.7582,3.2987,0.7587,3.2332,0.7582,3.3108,0.7587,3.2195,0.7581,3.3042,0.7587,3.2274,0.7582,3.3095,0.7588,3.2214,0.7581,3.3314,0.7588,3.1985,0.758,3.329,0.7588,3.2017,0.758,3.3265,0.7587,3.2087,0.7581,3.352,0.7588,3.1758,0.7579,3.3447,0.7588,3.1861,0.758,3.3493,0.7588,3.1822,0.758
3.3104,0.8668,3.253,0.8666,3.2808,0.8669,3.2572,0.8666,3.2808,0.8669,3.257,0.8666,3.2804,0.8669,3.2568,0.8667,3.2813,0.867,3.2571,0.8666,3.2828,0.867,3.2551,0.8666,3.284,0.867,3.2531,0.8666,3.2937,0.867,3.244,0.8665,3.2957,0.867,3.2418,0.8666,3.3017,0.8671,3.2355,0.8665,3.3015,0.8671,3.2356,0.8665,3.3049,0.8671,3.2324,0.8665,3.317,0.8671,3.2186,0.8664,3.3103,0.8671,3.2265,0.8665,3.3157,0.8671,3.2205,0.8664,3.3379,0.8672,3.1974,0.8663,3.3356,0.8672,3.2006,0.8663,3.3332,0.8671,3.2074,0.8664,3.3588,0.8672,3.1745,0.8662,3.3517,0.8672,3.1847,0.8663,3.3566,0.8672,3.1806,0.8663
3.3145,0.9752,3.2523,0.9749,3.2855,0.9752,3.2567,0.9749,3.2855,0.9753,3.2564,0.975,3.2852,0.9753,3.2562,0.975,3.2861,0.9754,3.2565,0.9749,3.2876,0.9754,3.2544,0.9749,3.2888,0.9754,3.2523,0.9749,3.2983,0.9754,3.2433,0.9749,3.3005,0.9754,3.241,0.9749,3.3066,0.9755,3.2347,0.9748,3.3064,0.9755,3.2349,0.9748,3.3099,0.9755,3.2315,0.9748,3.3222,0.9755,3.2177,0.9747,3.3155,0.9755,3.2255,0.9748,3.321,0.9755,3.2196,0.9747,3.3436,0.9756,3.1963,0.9745,3.3416,0.9756,3.1994,0.9746,3.3394,0.9755,3.2061,0.9747,3.3653,0.9756,3.1732,0.9745,3.3583,0.9756,3.1833,0.9746,3.3634,0.9756,3.1791,0.9746
3.3186,1.0835,3.2516,1.0832,3.2894,1.0836,3.2561,1.0833,3.2895,1.0836,3.2558,1.0833,3.2893,1.0836,3.2555,1.0833,3.2903,1.0837,3.2558,1.0833,3.2919,1.0837,3.2536,1.0833,3.2931,1.0838,3.2516,1.0833,3.3027,1.0838,3.2425,1.0832,3.305,1.0838,3.2403,1.0832,3.3112,1.0839,3.2339,1.0831,3.311,1.0839,3.234,1.0831,3.3146,1.0839,3.2307,1.0831,3.3271,1.0839,3.2168,1.083,3.3205,1.0839,3.2245,1.0831,3.326,1.0839,3.2186,1.083,3.3491,1.084,3.1953,1.0828,3.3475,1.084,3.1983,1.0829,3.3455,1.0839,3.2047,1.083,3.3716,1.084,3.172,1.0828,3.3647,1.084,3.1819,1.0829,3.3701,1.084,3.1776,1.0829
3.3229,1.1919,3.2509,1.1916,3.2933,1.192,3.2555,1.1916,3.2935,1.192,3.2551,1.1916,3.2934,1.192,3.2548,1.1916,3.2945,1.1921,3.255,1.1916,3.2961,1.1921,3.2529,1.1916,3.2974,1.1921,3.2508,1.1916,3.307,1.1922,3.2417,1.1915,3.3095,1.1922,3.2395,1.1915,3.3159,1.1922,3.2331,1.1915,3.3156,1.1922,3.2332,1.1915,3.3194,1.1923,3.2298,1.1914,3.3321,1.1923,3.216,1.1913,3.3255,1.1923,3.2236,1.1914,3.3311,1.1923,3.2177,1.1913,3.3547,1.1924,3.1942,1.1911,3.3533,1.1924,3.1971,1.1912,3.3516,1.1923,3.2034,1.1913,3.3779,1.1924,3.1707,1.1911,3.3711,1.1924,3.1805,1.1912,3.3765,1.1924,3.1761,1.1911
3.3274,1.3002,3.2501,1.2999,3.2975,1.3003,3.2548,1.2999,3.2978,1.3004,3.2544,1.3,3.2977,1.3004,3.2541,1.3,3.2988,1.3005,3.2543,1.2999,3.3006,1.3005,3.2521,1.2999,3.3018,1.3005,3.2499,1.2999,3.3116,1.3005,3.2409,1.2998,3.3142,1.3006,3.2386,1.2998,3.3207,1.3006,3.2323,1.2998,3.3204,1.3006,3.2324,1.2998,3.3243,1.3007,3.2289,1.2997,3.3372,1.3007,3.215,1.2996,3.3307,1.3007,3.2225,1.2997,3.3364,1.3007,3.2167,1.2996,3.3603,1.3008,3.1932,1.2994,3.3592,1.3007,3.196,1.2995,3.3577,1.3007,3.202,1.2996,3.3839,1.3008,3.1695,1.2993,3.3772,1.3008,3.1792,1.2995,3.3827,1.3008,3.1746,1.2994
3.332,1.4086,3.2494,1.4082,3.302,1.4087,3.2541,1.4083,3.3024,1.4087,3.2537,1.4083,3.3023,1.4087,3.2533,1.4083,3.3035,1.4088,3.2534,1.4083,3.3053,1.4089,3.2513,1.4082,3.3065,1.4089,3.2491,1.4082,3.3164,1.4089,3.2401,1.4081,3.3191,1.4089,3.2378,1.4082,3.3257,1.409,3.2314,1.4081,3.3255,1.409,3.2315,1.4081,3.3295,1.409,3.228,1.408,3.3425,1.4091,3.2141,1.4079,3.336,1.4091,3.2215,1.408,3.3417,1.4091,3.2157,1.4079,3.3658,1.4092,3.1921,1.4077,3.3649,1.4091,3.1949,1.4078,3.3635,1.4091,3.2007,1.4079,3.3897,1.4092,3.1683,1.4076,3.383,1.4092,3.1778,1.4078,3.3885,1.4092,3.1731,1.4077
3.3367,1.517,3.2486,1.5165,3.3069,1.517,3.2533,1.5166,3.3074,1.5171,3.2529,1.5166,3.3074,1.5171,3.2524,1.5166,3.3085,1.5172,3.2526,1.5166,3.3104,1.5172,3.2503,1.5166,3.3116,1.5173,3.2481,1.5166,3.3215,1.5173,3.2392,1.5165,3.3242,1.5173,3.2369,1.5165,3.3309,1.5174,3.2305,1.5164,3.3307,1.5174,3.2306,1.5164,3.3347,1.5174,3.227,1.5164,3.3477,1.5175,3.2132,1.5162,3.3414,1.5175,3.2204,1.5163,3.3471,1.5175,3.2147,1.5162,3.3713,1.5176,3.1911,1.516,3.3705,1.5175,3.1937,1.5161,3.3692,1.5175,3.1993,1.5162,3.3951,1.5176,3.1671,1.5159,3.3885,1.5176,3.1764,1.5161,3.3938,1.5176,3.1716,1.516
3.3413,1.6253,3.2477,1.6248,3.3122,1.6254,3.2524,1.6249,3.3127,1.6254,3.252,1.6249,3.3127,1.6255,3.2516,1.625,3.3138,1.6256,3.2517,1.6249,3.3158,1.6256,3.2494,1.6249,3.317,1.6256,3.2472,1.6249,3.3267,1.6257,3.2383,1.6248,3.3295,1.6257,3.236,1.6248,3.3361,1.6258,3.2295,1.6247,3.3359,1.6258,3.2296,1.6247,3.34,1.6258,3.226,1.6247,3.3529,1.6259,3.2122,1.6245,3.3466,1.6259,3.2194,1.6246,3.3523,1.6259,3.2137,1.6245,3.3766,1.626,3.19,1.6242,3.3759,1.6259,3.1925,1.6244,3.3746,1.6259,3.1979,1.6245,3.4001,1.626,3.1658,1.6242,3.3935,1.626,3.175,1.6244,3.3988,1.626,3.17,1.6243
3.3458,1.7337,3.2469,1.7332,3.3175,1.7338,3.2516,1.7332,3.318,1.7338,3.2511,1.7333,3.3182,1.7338,3.2507,1.7333,3.3193,1.7339,3.2507,1.7332,3.3212,1.734,3.2485,1.7332,3.3225,1.734,3.2462,1.7332,3.3319,1.7341,3.2374,1.7331,3.3346,1.7341,3.235,1.7331,3.3411,1.7342,3.2286,1.733,3.3409,1.7342,3.2287,1.733,3.345,1.7342,3.225,1.733,3.3579,1.7343,3.2112,1.7328,3.3517,1.7343,3.2183,1.7329,3.3574,1.7343,3.2126,1.7328,3.3816,1.7344,3.1889,1.7325,3.381,1.7343,3.1913,1.7327,3.3797,1.7343,3.1965,1.7328,3.4047,1.7344,3.1645,1.7325,3.3981,1.7344,3.1736,1.7326,3.4032,1.7344,3.1684,1.7326
3.3502,1.842,3.246,1.8415,3.3228,1.8421,3.2506,1.8416,3.3233,1.8422,3.2502,1.8416,3.3234,1.8422,3.2497,1.8416,3.3245,1.8423,3.2497,1.8416,3.3264,1.8423,3.2475,1.8415,3.3278,1.8424,3.2452,1.8415,3.3368,1.8424,3.2364,1.8414,3.3395,1.8425,3.234,1.8414,3.346,1.8426,3.2276,1.8413,3.3458,1.8426,3.2277,1.8414,3.3498,1.8426,3.224,1.8413,3.3627,1.8427,3.2102,1.8411,3.3566,1.8427,3.2172,1.8412,3.3622,1.8427,3.2115,1.8411,3.3864,1.8428,3.1878,1.8408,3.3857,1.8427,3.1901,1.841,3.3844,1.8427,3.1951,1.8411,3.4088,1.8428,3.1632,1.8407,3.4023,1.8428,3.1721,1.8409,3.4072,1.8428,3.1668,1.8408
3.3543,1.9504,3.2451,1.9498,3.3278,1.9505,3.2497,1.9499,3.3283,1.9505,3.2492,1.9499,3.3284,1.9505,3.2487,1.95,3.3295,1.9507,3.2487,1.9499,3.3312,1.9507,3.2464,1.9499,3.3327,1.9508,3.2441,1.9499,3.3415,1.9508,3.2355,1.9497,3.3442,1.9509,3.233,1.9498,3.3506,1.9509,3.2266,1.9497,3.3504,1.9509,3.2267,1.9497,3.3545,1.951,3.223,1.9496,3.3673,1.951,3.2092,1.9494,3.3612,1.9511,3.216,1.9495,3.3669,1.9511,3.2105,1.9494,3.3907,1.9512,3.1867,1.9491,3.39,1.9511,3.1889,1.9492,3.3886,1.9511,3.1936,1.9494,3.4126,1.9512,3.1619,1.949,3.4059,1.9512,3.1706,1.9492,3.4108,1.9512,3.1652,1.9491
3.3583,2.0587,3.2442,2.0581,3.3325,2.0588,3.2487,2.0582,3.3329,2.0589,3.2482,2.0583,3.333,2.0589,3.2476,2.0583,3.3341,2.059,3.2477,2.0582,3.3358,2.0591,3.2453,2.0582,3.3373,2.0591,3.243,2.0582,3.346,2.0592,3.2344,2.0581,3.3487,2.0592,3.232,2.0581,3.3551,2.0593,3.2256,2.058,3.3549,2.0593,3.2257,2.058,3.3589,2.0594,3.2219,2.0579,3.3717,2.0594,3.2082,2.0577,3.3657,2.0594,3.2149,2.0579,3.3713,2.0594,3.2094,2.0577,3.3947,2.0596,3.1855,2.0574,3.3939,2.0595,3.1876,2.0575,3.3924,2.0595,3.1922,2.0577,3.4159,2.0596,3.1605,2.0573,3.4093,2.0596,3.1691,2.0575,3.4141,2.0596,3.1635,2.0574
3.3621,2.1671,3.2432,2.1665,3.3368,2.1672,3.2476,2.1665,3.3373,2.1673,3.2472,2.1666,3.3375,2.1673,3.2466,2.1666,3.3386,2.1674,3.2466,2.1665,3.3403,2.1675,3.2442,2.1665,3.3418,2.1675,3.2419,2.1665,3.3504,2.1676,3.2334,2.1664,3.353,2.1676,3.231,2.1664,3.3594,2.1677,3.2246,2.1663,3.3591,2.1677,3.2246,2.1663,3.3632,2.1678,3.2208,2.1662,3.3758,2.1678,3.2071,2.166,3.3699,2.1678,3.2137,2.1662,3.3754,2.1678,3.2083,2.166,3.3983,2.168,3.1844,2.1657,3.3974,2.1679,3.1864,2.1658,3.3957,2.1679,3.1907,2.166,3.4188,2.168,3.1591,2.1656,3.4123,2.168,3.1676,2.1658,3.4171,2.168,3.1618,2.1657
3.3657,2.2754,3.2423,2.2748,3.3411,2.2755,3.2465,2.2749,3.3416,2.2756,3.246,2.2749,3.3417,2.2756,3.2455,2.275,3.3428,2.2758,3.2454,2.2749,3.3446,2.2758,3.2431,2.2748,3.3462,2.2759,3.2407,2.2748,3.3545,2.276,3.2323,2.2747,3.3572,2.276,3.2299,2.2747,3.3634,2.2761,3.2235,2.2746,3.3632,2.2761,3.2236,2.2746,3.3672,2.2762,3.2198,2.2745,3.3795,2.2762,3.2061,2.2743,3.3738,2.2762,3.2126,2.2745,3.3791,2.2762,3.2071,2.2743,3.4014,2.2764,3.1832,2.2739,3.4005,2.2763,3.1851,2.2741,3.3986,2.2763,3.1892,2.2742,3.4215,2.2764,3.1577,2.2738,3.415,2.2764,3.166,2.2741,3.4198,2.2764,3.1601,2.274
3.369,2.3838,3.2413,2.3831,3.3452,2.3839,3.2454,2.3832,3.3457,2.384,3.2449,2.3832,3.3459,2.384,3.2443,2.3833,3.347,2.3842,3.2443,2.3832,3.3487,2.3842,3.242,2.3832,3.3503,2.3843,3.2396,2.3832,3.3584,2.3843,3.2312,2.383,3.3611,2.3844,3.2288,2.383,3.3673,2.3845,3.2224,2.3829,3.367,2.3845,3.2225,2.3829,3.371,2.3845,3.2187,2.3829,3.3828,2.3846,3.205,2.3826,3.3772,2.3846,3.2114,2.3828,3.3824,2.3846,3.206,2.3826,3.4042,2.3848,3.182,2.3822,3.4032,2.3847,3.1838,2.3824,3.4012,2.3847,3.1877,2.3825,3.4239,2.3848,3.1562,2.3821,3.4175,2.3847,3.1643,2.3824,3.4223,2.3848,3.1583,2.3823
3.3721,2.4922,3.2403,2.4914,3.3491,2.4923,3.2443,2.4915,3.3496,2.4923,3.2438,2.4916,3.3498,2.4924,3.2432,2.4916,3.3509,2.4925,3.2431,2.4915,3.3525,2.4926,3.2408,2.4915,3.3542,2.4926,3.2384,2.4915,3.3621,2.4927,3.2302,2.4913,3.3647,2.4928,3.2277,2.4914,3.3707,2.4929,3.2213,2.4912,3.3704,2.4929,3.2214,2.4912,3.3742,2.4929,3.2175,2.4912,3.3857,2.493,3.2039,2.4909,3.3801,2.493,3.2102,2.4911,3.3852,2.493,3.2048,2.4909,3.4067,2.4932,3.1808,2.4905,3.4056,2.4931,3.1824,2.4907,3.4036,2.493,3.1861,2.4908,3.4261,2.4932,3.1548,2.4904,3.4198,2.4931,3.1627,2.4907,3.4247,2.4932,3.1565,2.4906
3.3748,2.6005,3.2393,2.5998,3.3527,2.6006,3.2431,2.5998,3.3532,2.6007,3.2426,2.5999,3.3534,2.6007,3.242,2.6,3.3545,2.6009,3.2419,2.5999,3.3561,2.601,3.2396,2.5998,3.3578,2.601,3.2372,2.5998,3.3654,2.6011,3.2291,2.5997,3.3679,2.6011,3.2266,2.5997,3.3737,2.6013,3.2203,2.5995,3.3734,2.6013,3.2203,2.5996,3.377,2.6013,3.2164,2.5995,3.3883,2.6014,3.2028,2.5992,3.3827,2.6014,3.209,2.5994,3.3877,2.6014,3.2037,2.5992,3.409,2.6016,3.1795,2.5988,3.4077,2.6015,3.1811,2.599,3.4058,2.6014,3.1845,2.5991,3.4281,2.6016,3.1532,2.5987,3.4219,2.6015,3.161,2.599,3.4269,2.6016,3.1547,2.5988
3.377,2.7089,3.2382,2.7081,3.356,2.709,3.2419,2.7082,3.3565,2.7091,3.2414,2.7082,3.3567,2.7091,3.2408,2.7083,3.3578,2.7093,3.2407,2.7082,3.3594,2.7093,3.2385,2.7082,3.3609,2.7094,3.236,2.7081,3.3683,2.7095,3.228,2.708,3.3706,2.7095,3.2254,2.708,3.3762,2.7096,3.2191,2.7079,3.3759,2.7096,3.2191,2.7079,3.3794,2.7097,3.2152,2.7078,3.3905,2.7098,3.2016,2.7075,3.3849,2.7098,3.2078,2.7077,3.3899,2.7098,3.2024,2.7075,3.4109,2.71,3.1783,2.7071,3.4097,2.7099,3.1797,2.7073,3.4078,2.7098,3.1829,2.7074,3.43,2.71,3.1516,2.707,3.4239,2.7099,3.1593,2.7073,3.4291,2.71,3.1528,2.7071
3.379,2.8172,3.2371,2.8164,3.359,2.8173,3.2407,2.8165,3.3594,2.8174,3.2402,2.8166,3.3596,2.8175,3.2396,2.8166,3.3606,2.8176,3.2395,2.8165,3.3621,2.8177,3.2372,2.8165,3.3637,2.8178,3.2349,2.8165,3.3707,2.8178,3.2268,2.8163,3.373,2.8179,3.2243,2.8163,3.3784,2.818,3.218,2.8162,3.378,2.818,3.218,2.8162,3.3815,2.8181,3.2141,2.8161,3.3925,2.8182,3.2005,2.8158,3.3868,2.8182,3.2065,2.816,3.3918,2.8182,3.2012,2.8158,3.4127,2.8184,3.177,2.8154,3.4115,2.8183,3.1783,2.8156,3.4097,2.8182,3.1813,2.8157,3.4318,2.8184,3.1501,2.8152,3.4258,2.8183,3.1575,2.8155,3.4311,2.8183,3.1509,2.8154
3.3807,2.9256,3.2361,2.9247,3.3615,2.9257,3.2395,2.9248,3.3619,2.9258,3.239,2.9249,3.3621,2.9258,3.2384,2.925,3.363,2.926,3.2383,2.9248,3.3645,2.9261,3.236,2.9248,3.3659,2.9262,3.2337,2.9248,3.3728,2.9262,3.2257,2.9246,3.3749,2.9263,3.2231,2.9246,3.3803,2.9264,3.2168,2.9245,3.3799,2.9264,3.2168,2.9245,3.3834,2.9265,3.2129,2.9244,3.3942,2.9266,3.1993,2.9241,3.3886,2.9266,3.2052,2.9243,3.3936,2.9266,3.2,2.9241,3.4144,2.9268,3.1757,2.9236,3.4132,2.9267,3.1769,2.9239,3.4114,2.9266,3.1797,2.924,3.4335,2.9268,3.1484,2.9235,3.4277,2.9267,3.1557,2.9238,3.4331,2.9267,3.1489,2.9237
3.3821,3.0339,3.235,3.0331,3.3637,3.0341,3.2384,3.0332,3.364,3.0342,3.2379,3.0332,3.3641,3.0342,3.2372,3.0333,3.3651,3.0344,3.2371,3.0332,3.3664,3.0345,3.2349,3.0331,3.3679,3.0345,3.2325,3.0331,3.3746,3.0346,3.2245,3.0329,3.3767,3.0347,3.222,3.033,3.3819,3.0348,3.2157,3.0328,3.3816,3.0348,3.2156,3.0328,3.385,3.0349,3.2117,3.0327,3.3958,3.035,3.1981,3.0324,3.3902,3.035,3.2039,3.0326,3.3952,3.035,3.1987,3.0324,3.4159,3.0352,3.1745,3.0319,3.4148,3.0351,3.1754,3.0322,3.4132,3.035,3.178,3.0323,3.4351,3.0352,3.1468,3.0318,3.4295,3.0351,3.1539,3.0321,3.4351,3.0351,3.147,3.032
3.3835,3.1423,3.234,3.1414,3.3655,3.1424,3.2372,3.1415,3.3658,3.1425,3.2367,3.1416,3.3659,3.1425,3.2361,3.1416,3.3668,3.1428,3.2359,3.1415,3.3681,3.1428,3.2337,3.1415,3.3695,3.1429,3.2313,3.1414,3.3761,3.143,3.2234,3.1412,3.3782,3.143,3.2208,3.1413,3.3834,3.1432,3.2145,3.1411,3.3831,3.1432,3.2145,3.1411,3.3865,3.1433,3.2105,3.141,3.3973,3.1434,3.1969,3.1407,3.3917,3.1434,3.2026,3.1409,3.3967,3.1434,3.1974,3.1407,3.4174,3.1436,3.1731,3.1402,3.4163,3.1435,3.1739,3.1405,3.4148,3.1434,3.1763,3.1406,3.4367,3.1436,3.1451,3.1401,3.4312,3.1435,3.1521,3.1404,3.437,3.1435,3.145,3.1403
3.3847,3.2506,3.233,3.2497,3.3671,3.2508,3.236,3.2498,3.3674,3.2509,3.2355,3.2499,3.3675,3.2509,3.2349,3.25,3.3683,3.2511,3.2347,3.2498,3.3696,3.2512,3.2325,3.2498,3.371,3.2513,3.23,3.2498,3.3775,3.2514,3.2222,3.2496,3.3796,3.2514,3.2196,3.2496,3.3848,3.2516,3.2133,3.2494,3.3845,3.2516,3.2132,3.2495,3.3879,3.2516,3.2093,3.2493,3.3987,3.2518,3.1957,3.249,3.393,3.2517,3.2013,3.2492,3.3981,3.2518,3.1962,3.249,3.4187,3.252,3.1717,3.2485,3.4177,3.2519,3.1725,3.2487,3.4163,3.2518,3.1746,3.2489,3.4382,3.252,3.1434,3.2484,3.4329,3.2519,3.1502,3.2487,3.4388,3.2519,3.1429,3.2485
3.3857,3.359,3.2319,3.358,3.3684,3.3591,3.2349,3.3581,3.3687,3.3592,3.2344,3.3582,3.3688,3.3593,3.2337,3.3583,3.3697,3.3595,3.2335,3.3581,3.3709,3.3596,3.2313,3.3581,3.3724,3.3597,3.2288,3.3581,3.3788,3.3597,3.2211,3.3579,3.3809,3.3598,3.2184,3.3579,3.3861,3.3599,3.2121,3.3578,3.3858,3.3599,3.212,3.3578,3.3892,3.36,3.2081,3.3577,3.4,3.3601,3.1944,3.3573,3.3943,3.3601,3.1999,3.3575,3.3995,3.3602,3.1948,3.3573,3.42,3.3604,3.1704,3.3568,3.4191,3.3603,3.1709,3.357,3.4179,3.3602,3.1729,3.3572,3.4397,3.3604,3.1416,3.3566,3.4346,3.3603,3.1482,3.357,3.4406,3.3603,3.1409,3.3568
3.3867,3.4674,3.2309,3.4663,3.3696,3.4675,3.2338,3.4665,3.3699,3.4676,3.2333,3.4665,3.37,3.4676,3.2326,3.4666,3.3709,3.4679,3.2324,3.4665,3.3721,3.4679,3.2301,3.4664,3.3736,3.468,3.2276,3.4664,3.38,3.4681,3.2199,3.4662,3.382,3.4682,3.2172,3.4662,3.3872,3.4683,3.2109,3.4661,3.387,3.4683,3.2108,3.4661,3.3904,3.4684,3.2068,3.466,3.4012,3.4685,3.1932,3.4656,3.3956,3.4685,3.1986,3.4658,3.4007,3.4685,3.1935,3.4656,3.4212,3.4688,3.1689,3.465,3.4204,3.4687,3.1693,3.4653,3.4193,3.4686,3.1712,3.4655,3.4412,3.4688,3.1398,3.4649,3.4362,3.4687,3.1463,3.4653,3.4424,3.4687,3.1388,3.4651
3.3876,3.5757,3.2299,3.5747,3.3707,3.5759,3.2327,3.5748,3.3709,3.576,3.2322,3.5749,3.3711,3.576,3.2314,3.575,3.3719,3.5762,3.2312,3.5748,3.3732,3.5763,3.2289,3.5748,3.3747,3.5764,3.2264,3.5747,3.3811,3.5765,3.2187,3.5745,3.3831,3.5766,3.216,3.5746,3.3884,3.5767,3.2097,3.5744,3.3882,3.5767,3.2095,3.5744,3.3916,3.5768,3.2055,3.5743,3.4024,3.5769,3.1919,3.5739,3.3968,3.5769,3.1972,3.5742,3.402,3.5769,3.1921,3.574,3.4224,3.5772,3.1675,3.5733,3.4217,3.5771,3.1678,3.5736,3.4207,3.577,3.1694,3.5738,3.4426,3.5772,3.138,3.5732,3.4378,3.5771,3.1443,3.5736,3.4442,3.5771,3.1367,3.5734
3.3884,3.6841,3.2289,3.683,3.3717,3.6842,3.2317,3.6831,3.3719,3.6843,3.2311,3.6832,3.3721,3.6844,3.2303,3.6833,3.373,3.6846,3.23,3.6831,3.3743,3.6847,3.2278,3.6831,3.3757,3.6848,3.2252,3.683,3.3822,3.6849,3.2175,3.6828,3.3842,3.685,3.2148,3.6829,3.3894,3.6851,3.2085,3.6827,3.3893,3.6851,3.2082,3.6827,3.3927,3.6852,3.2042,3.6826,3.4035,3.6853,3.1906,3.6822,3.398,3.6853,3.1958,3.6825,3.4032,3.6853,3.1907,3.6823,3.4236,3.6856,3.1661,3.6816,3.423,3.6855,3.1662,3.6819,3.4221,3.6854,3.1676,3.6821,3.4441,3.6856,3.1362,3.6815,3.4394,3.6855,3.1423,3.6819,3.446,3.6855,3.1345,3.6817
3.3892,3.7924,3.2279,3.7913,3.3725,3.7926,3.2305,3.7914,3.3728,3.7927,3.2299,3.7915,3.373,3.7927,3.2292,3.7916,3.3739,3.793,3.2289,3.7915,3.3752,3.7931,3.2266,3.7914,3.3768,3.7932,3.224,3.7914,3.3832,3.7933,3.2163,3.7912,3.3853,3.7933,3.2135,3.7912,3.3905,3.7935,3.2072,3.791,3.3904,3.7935,3.2069,3.7911,3.3939,3.7936,3.2029,3.7909,3.4046,3.7937,3.1893,3.7905,3.3991,3.7937,3.1944,3.7908,3.4044,3.7937,3.1893,3.7906,3.4247,3.7939,3.1646,3.7899,3.4242,3.7939,3.1645,3.7902,3.4234,3.7938,3.1657,3.7904,3.4456,3.794,3.1343,3.7898,3.441,3.7939,3.1403,3.7902,3.4477,3.7939,3.1323,3.79
3.39,3.9008,3.227,3.8996,3.3734,3.9009,3.2295,3.8998,3.3737,3.9011,3.2289,3.8999,3.3739,3.9011,3.228,3.8999,3.3749,3.9014,3.2277,3.8998,3.3762,3.9014,3.2254,3.8998,3.3778,3.9015,3.2228,3.8997,3.3842,3.9016,3.2151,3.8995,3.3863,3.9017,3.2123,3.8995,3.3916,3.9019,3.2059,3.8993,3.3915,3.9019,3.2056,3.8994,3.395,3.902,3.2016,3.8992,3.4057,3.9021,3.188,3.8988,3.4002,3.9021,3.1929,3.8991,3.4055,3.9021,3.1879,3.8989,3.4258,3.9023,3.1631,3.8982,3.4254,3.9023,3.1629,3.8985,3.4248,3.9022,3.1639,3.8987,3.447,3.9024,3.1323,3.898,3.4426,3.9023,3.1382,3.8984,3.4495,3.9023,3.1301,3.8983
3.3908,4.0091,3.226,4.008,3.3743,4.0093,3.2284,4.0081,3.3746,4.0094,3.2278,4.0082,3.3748,4.0094,3.2269,4.0083,3.3758,4.0097,3.2265,4.0081,3.3772,4.0098,3.2242,4.0081,3.3788,4.0099,3.2215,4.008,3.3852,4.01,3.2138,4.0078,3.3874,4.0101,3.211,4.0078,3.3927,4.0103,3.2046,4.0076,3.3927,4.0103,3.2043,4.0077,3.3961,4.0104,3.2003,4.0075,3.4068,4.0105,3.1866,4.0071,3.4013,4.0105,3.1914,4.0074,3.4066,4.0105,3.1864,4.0072,3.4269,4.0107,3.1616,4.0065,3.4266,4.0106,3.1612,4.0068,3.4261,4.0106,3.162,4.007,3.4485,4.0108,3.1304,4.0063,3.4443,4.0107,3.1361,4.0067,3.4513,4.0107,3.1278,4.0065
3.3916,4.1175,3.225,4.1163,3.3751,4.1177,3.2273,4.1164,3.3754,4.1178,3.2266,4.1165,3.3757,4.1178,3.2257,4.1166,3.3767,4.1181,3.2253,4.1165,3.3781,4.1182,3.223,4.1164,3.3798,4.1183,3.2202,4.1163,3.3862,4.1184,3.2126,4.1161,3.3884,4.1185,3.2097,4.1162,3.3937,4.1186,3.2033,4.116,3.3938,4.1186,3.203,4.116,3.3972,4.1188,3.1989,4.1158,3.4078,4.1189,3.1852,4.1154,3.4024,4.1189,3.1899,4.1157,3.4077,4.1189,3.185,4.1155,3.428,4.1191,3.16,4.1147,3.4278,4.119,3.1595,4.1151,3.4275,4.119,3.1601,4.1153,3.4499,4.1192,3.1284,4.1146,3.4459,4.1191,3.1339,4.115,3.4531,4.1191,3.1255,4.1148
3.3924,4.2258,3.224,4.2246,3.376,4.226,3.2263,4.2247,3.3763,4.2261,3.2255,4.2248,3.3767,4.2262,3.2246,4.2249,3.3777,4.2265,3.2241,4.2248,3.3791,4.2266,3.2217,4.2247,3.3807,4.2267,3.2189,4.2247,3.3872,4.2268,3.2113,4.2244,3.3895,4.2269,3.2084,4.2245,3.3948,4.227,3.202,4.2243,3.3949,4.227,3.2016,4.2243,3.3983,4.2271,3.1975,4.2242,3.4089,4.2273,3.1839,4.2237,3.4034,4.2273,3.1885,4.224,3.4088,4.2273,3.1835,4.2238,3.4291,4.2275,3.1584,4.223,3.429,4.2274,3.1578,4.2234,3.4288,4.2273,3.1581,4.2236,3.4513,4.2276,3.1264,4.2229,3.4476,4.2275,3.1317,4.2233,3.4549,4.2275,3.1231,4.2231
3.3932,4.3342,3.223,4.3329,3.3769,4.3344,3.2252,4.3331,3.3772,4.3345,3.2244,4.3332,3.3776,4.3345,3.2234,4.3333,3.3787,4.3348,3.2229,4.3331,3.3801,4.3349,3.2205,4.3331,3.3817,4.3351,3.2177,4.333,3.3882,4.3352,3.21,4.3328,3.3905,4.3352,3.2071,4.3328,3.3958,4.3354,3.2007,4.3326,3.396,4.3354,3.2002,4.3326,3.3994,4.3355,3.1961,4.3325,3.4099,4.3357,3.1825,4.332,3.4045,4.3356,3.1869,4.3323,3.4099,4.3357,3.182,4.3321,3.4302,4.3359,3.1568,4.3313,3.4302,4.3358,3.156,4.3317,3.4301,4.3357,3.1561,4.3319,3.4528,4.336,3.1242,4.3312,3.4493,4.3359,3.1295,4.3316,3.4568,4.3359,3.1207,4.3314
3.394,4.4425,3.222,4.4413,3.3777,4.4427,3.224,4.4414,3.3781,4.4429,3.2232,4.4415,3.3785,4.4429,3.2222,4.4416,3.3796,4.4432,3.2217,4.4414,3.3811,4.4433,3.2192,4.4414,3.3827,4.4434,3.2163,4.4413,3.3892,4.4435,3.2087,4.4411,3.3916,4.4436,3.2057,4.4411,3.3969,4.4438,3.1993,4.4409,3.3971,4.4438,3.1988,4.441,3.4005,4.4439,3.1947,4.4408,3.4109,4.4441,3.181,4.4403,3.4055,4.444,3.1854,4.4406,3.4109,4.4441,3.1805,4.4404,3.4312,4.4443,3.1552,4.4396,3.4314,4.4442,3.1542,4.44,3.4315,4.4441,3.1541,4.4402,3.4543,4.4444,3.1221,4.4394,3.451,4.4443,3.1272,4.4399,3.4587,4.4443,3.1182,4.4397
3.3948,4.5509,3.221,4.5496,3.3786,4.5511,3.2229,4.5497,3.379,4.5512,3.2221,4.5498,3.3795,4.5513,3.221,4.5499,3.3806,4.5516,3.2204,4.5498,3.3821,4.5517,3.2179,4.5497,3.3837,4.5518,3.215,4.5496,3.3903,4.5519,3.2074,4.5494,3.3926,4.552,3.2043,4.5494,3.3979,4.5522,3.1979,4.5492,3.3981,4.5522,3.1974,4.5493,3.4015,4.5523,3.1933,4.5491,3.4119,4.5525,3.1796,4.5486,3.4065,4.5524,3.1838,4.5489,3.412,4.5525,3.1789,4.5487,3.4323,4.5527,3.1535,4.5479,3.4326,4.5526,3.1524,4.5482,3.4328,4.5525,3.1521,4.5485,3.4558,4.5528,3.1199,4.5477,3.4527,4.5527,3.1248,4.5482,3.4607,4.5527,3.1156,4.548
3.3956,4.6593,3.22,4.6579,3.3796,4.6595,3.2218,4.658,3.38,4.6596,3.2209,4.6582,3.3805,4.6596,3.2197,4.6583,3.3816,4.66,3.2192,4.6581,3.3831,4.6601,3.2166,4.6581,3.3848,4.6602,3.2137,4.658,3.3913,4.6603,3.206,4.6577,3.3936,4.6604,3.203,4.6578,3.399,4.6606,3.1965,4.6575,3.3992,4.6606,3.1959,4.6576,3.4026,4.6607,3.1918,4.6574,3.4129,4.6609,3.1781,4.6569,3.4075,4.6608,3.1823,4.6572,3.413,4.6609,3.1773,4.657,3.4334,4.6611,3.1518,4.6562,3.4339,4.661,3.1505,4.6565,3.4343,4.6609,3.15,4.6568,3.4574,4.6612,3.1177,4.656,3.4545,4.6611,3.1224,4.6565,3.4627,4.6611,3.1129,4.6562
3.3965,4.7676,3.219,4.7662,3.3805,4.7678,3.2206,4.7664,3.3809,4.768,3.2197,4.7665,3.3815,4.768,3.2185,4.7666,3.3825,4.7683,3.2179,4.7664,3.3841,4.7684,3.2153,4.7664,3.3858,4.7686,3.2123,4.7663,3.3924,4.7687,3.2046,4.766,3.3947,4.7688,3.2016,4.7661,3.4,4.769,3.1951,4.7658,3.4003,4.7689,3.1944,4.7659,3.4036,4.7691,3.1903,4.7657,3.4139,4.7693,3.1766,4.7652,3.4085,4.7692,3.1806,4.7655,3.4141,4.7692,3.1758,4.7653,3.4345,4.7695,3.1501,4.7644,3.4351,4.7694,3.1485,4.7648,3.4356,4.7693,3.1479,4.7651,3.459,4.7696,3.1153,4.7643,3.4563,4.7695,3.1199,4.7648,3.4648,4.7695,3.11,4.7645
3.3974,4.876,3.218,4.8746,3.3815,4.8762,3.2195,4.8747,3.3819,4.8763,3.2185,4.8748,3.3825,4.8763,3.2172,4.8749,3.3836,4.8767,3.2165,4.8748,3.3852,4.8768,3.214,4.8747,3.3869,4.8769,3.2109,4.8746,3.3934,4.877,3.2033,4.8744,3.3958,4.8772,3.2002,4.8744,3.401,4.8774,3.1937,4.8742,3.4013,4.8773,3.193,4.8742,3.4046,4.8775,3.1889,4.874,3.415,4.8776,3.1751,4.8735,3.4095,4.8776,3.1791,4.8738,3.4152,4.8776,3.1742,4.8736,3.4356,4.8779,3.1484,4.8727,3.4364,4.8778,3.1466,4.8731,3.4371,4.8777,3.1457,4.8734,3.4606,4.878,3.1129,4.8726,3.4581,4.8779,3.1173,4.8731,3.467,4.8779,3.1071,4.8728
3.3983,4.9843,3.2169,4.9829,3.3825,4.9845,3.2182,4.983,3.383,4.9847,3.2172,4.9831,3.3835,4.9847,3.2159,4.9833,3.3846,4.9851,3.2152,4.9831,3.3862,4.9852,3.2126,4.983,3.388,4.9853,3.2095,4.9829,3.3944,4.9854,3.2019,4.9827,3.3968,4.9855,3.1987,4.9827,3.402,4.9857,3.1922,4.9825,3.4023,4.9857,3.1915,4.9825,3.4056,4.9858,3.1873,4.9823,3.416,4.986,3.1735,4.9818,3.4105,4.986,3.1774,4.9821,3.4162,4.986,3.1726,4.9819,3.4368,4.9863,3.1465,4.981,3.4376,4.9862,3.1446,4.9814,3.4386,4.9861,3.1435,4.9817,3.4623,4.9864,3.1105,4.9808,3.4601,4.9863,3.1146,4.9813,3.4692,4.9863,3.1041,4.9811
3.3992,5.0927,3.2159,5.0912,3.3835,5.0929,3.217,5.0913,3.384,5.0931,3.216,5.0915,3.3846,5.0931,3.2146,5.0916,3.3857,5.0934,3.2138,5.0914,3.3873,5.0935,3.2112,5.0914,3.389,5.0937,3.2081,5.0913,3.3955,5.0938,3.2004,5.091,3.3978,5.0939,3.1973,5.091,3.4031,5.0941,3.1907,5.0908,3.4034,5.0941,3.1899,5.0909,3.4067,5.0942,3.1858,5.0907,3.417,5.0944,3.172,5.0901,3.4115,5.0944,3.1757,5.0904,3.4173,5.0944,3.1709,5.0902,3.4379,5.0947,3.1447,5.0893,3.439,5.0946,3.1425,5.0897,3.4401,5.0945,3.1413,5.09,3.464,5.0948,3.1079,5.0891,3.4621,5.0947,3.1118,5.0896,3.4716,5.0947,3.101,5.0894
3.4001,5.201,3.2148,5.1995,3.3845,5.2012,3.2158,5.1997,3.3851,5.2014,3.2146,5.1998,3.3857,5.2014,3.2133,5.1999,3.3868,5.2018,3.2125,5.1997,3.3884,5.2019,3.2098,5.1997,3.3901,5.2021,3.2066,5.1996,3.3966,5.2022,3.199,5.1993,3.3989,5.2023,3.1958,5.1994,3.4041,5.2025,3.1893,5.1991,3.4044,5.2025,3.1884,5.1992,3.4077,5.2026,3.1842,5.199,3.4181,5.2028,3.1704,5.1984,3.4126,5.2028,3.174,5.1987,3.4184,5.2028,3.1692,5.1985,3.4391,5.2031,3.1428,5.1976,3.4403,5.203,3.1404,5.198,3.4416,5.2029,3.1389,5.1983,3.4658,5.2032,3.1053,5.1974,3.4642,5.2031,3.109,5.1979,3.474,5.2031,3.0977,5.1977
3.4011,5.3094,3.2137,5.3079,3.3856,5.3096,3.2145,5.308,3.3862,5.3098,3.2133,5.3081,3.3868,5.3098,3.2119,5.3083,3.3879,5.3102,3.2111,5.3081,3.3895,5.3103,3.2083,5.308,3.3912,5.3104,3.2052,5.3079,3.3976,5.3106,3.1975,5.3076,3.3999,5.3107,3.1943,5.3077,3.4051,5.3109,3.1877,5.3074,3.4055,5.3109,3.1868,5.3075,3.4087,5.311,3.1826,5.3073,3.4192,5.3112,3.1687,5.3067,3.4136,5.3112,3.1723,5.307,3.4196,5.3112,3.1675,5.3068,3.4403,5.3115,3.1409,5.3059,3.4416,5.3114,3.1382,5.3063,3.4432,5.3113,3.1365,5.3066,3.4676,5.3116,3.1026,5.3057,3.4664,5.3115,3.1059,5.3062,3.4765,5.3115,3.0942,5.3059
3.402,5.4177,3.2126,5.4162,3.3868,5.418,3.2132,5.4163,3.3873,5.4181,3.212,5.4165,3.388,5.4181,3.2105,5.4166,3.3891,5.4185,3.2096,5.4164,3.3906,5.4186,3.2069,5.4163,3.3923,5.4188,3.2036,5.4162,3.3986,5.4189,3.196,5.416,3.401,5.4191,3.1928,5.416,3.4061,5.4193,3.1862,5.4157,3.4066,5.4193,3.1852,5.4158,3.4098,5.4194,3.181,5.4156,3.4203,5.4196,3.1671,5.415,3.4147,5.4195,3.1705,5.4153,3.4207,5.4196,3.1657,5.4151,3.4415,5.4199,3.1389,5.4141,3.443,5.4198,3.136,5.4146,3.4449,5.4197,3.1341,5.4149,3.4695,5.42,3.0997,5.414,3.4686,5.4199,3.1028,5.4145,3.4792,5.4199,3.0905,5.4142
3.403,5.5261,3.2115,5.5245,3.3879,5.5263,3.2118,5.5246,3.3885,5.5265,3.2106,5.5248,3.3891,5.5265,3.2091,5.5249,3.3902,5.5269,3.2082,5.5247,3.3917,5.527,3.2054,5.5247,3.3934,5.5272,3.2021,5.5246,3.3997,5.5273,3.1945,5.5243,3.402,5.5274,3.1912,5.5243,3.4072,5.5277,3.1846,5.524,3.4077,5.5276,3.1836,5.5241,3.4109,5.5278,3.1794,5.5239,3.4214,5.528,3.1654,5.5233,3.4158,5.5279,3.1687,5.5236,3.4219,5.528,3.1639,5.5234,3.4428,5.5283,3.1369,5.5224,3.4445,5.5282,3.1337,5.5229,3.4465,5.5281,3.1316,5.5232,3.4715,5.5284,3.0968,5.5222,3.471,5.5283,3.0995,5.5228,3.482,5.5283,3.0865,5.5225
3.404,5.6345,3.2103,5.6328,3.3891,5.6347,3.2104,5.633,3.3897,5.6349,3.2092,5.6331,3.3903,5.6349,3.2076,5.6332,3.3914,5.6353,3.2067,5.6331,3.3929,5.6354,3.2039,5.633,3.3945,5.6356,3.2005,5.6329,3.4008,5.6357,3.1929,5.6326,3.4031,5.6358,3.1896,5.6326,3.4083,5.6361,3.183,5.6324,3.4088,5.636,3.1819,5.6324,3.412,5.6362,3.1777,5.6322,3.4225,5.6364,3.1636,5.6316,3.4169,5.6363,3.1669,5.632,3.4231,5.6364,3.162,5.6317,3.4441,5.6367,3.1348,5.6307,3.4459,5.6366,3.1314,5.6312,3.4482,5.6365,3.1289,5.6315,3.4735,5.6368,3.0938,5.6305,3.4735,5.6367,3.0961,5.6311,3.4848,5.6367,3.0823,5.6308
3.4049,5.7428,3.2091,5.7412,3.3904,5.743,3.209,5.7413,3.3909,5.7432,3.2078,5.7415,3.3915,5.7432,3.2061,5.7416,3.3925,5.7437,3.2051,5.7414,3.394,5.7438,3.2023,5.7413,3.3956,5.744,3.1989,5.7412,3.4018,5.7441,3.1913,5.7409,3.4042,5.7442,3.188,5.741,3.4094,5.7444,3.1813,5.7407,3.4099,5.7444,3.1802,5.7408,3.4132,5.7446,3.1759,5.7405,3.4237,5.7448,3.1617,5.7399,3.4181,5.7447,3.1649,5.7403,3.4243,5.7448,3.1601,5.74,3.4454,5.7451,3.1326,5.739,3.4474,5.745,3.129,5.7395,3.45,5.7449,3.1263,5.7398,3.4757,5.7452,3.0906,5.7388,3.476,5.7451,3.0925,5.7394,3.4878,5.7451,3.0777,5.7391
3.406,5.8512,3.2079,5.8495,3.3916,5.8514,3.2075,5.8496,3.3922,5.8516,3.2062,5.8498,3.3927,5.8516,3.2046,5.8499,3.3937,5.852,3.2036,5.8497,3.3951,5.8521,3.2007,5.8497,3.3967,5.8523,3.1973,5.8495,3.4029,5.8525,3.1897,5.8492,3.4053,5.8526,3.1863,5.8493,3.4105,5.8528,3.1797,5.849,3.4111,5.8528,3.1784,5.8491,3.4143,5.8529,3.1742,5.8488,3.4249,5.8532,3.1599,5.8482,3.4193,5.8531,3.163,5.8486,3.4256,5.8532,3.1582,5.8483,3.4468,5.8535,3.1304,5.8473,3.449,5.8534,3.1265,5.8477,3.4518,5.8533,3.1235,5.8481,3.4779,5.8536,3.0872,5.8471,3.4787,5.8535,3.0886,5.8477,3.491,5.8535,3.0728,5.8474
3.407,5.9595,3.2066,5.9578,3.3929,5.9598,3.2061,5.9579,3.3934,5.96,3.2047,5.9581,3.3939,5.96,3.203,5.9582,3.3948,5.9604,3.202,5.958,3.3962,5.9605,3.199,5.958,3.3978,5.9607,3.1956,5.9579,3.4041,5.9608,3.1881,5.9575,3.4064,5.961,3.1846,5.9576,3.4117,5.9612,3.1779,5.9573,3.4123,5.9612,3.1766,5.9574,3.4155,5.9613,3.1723,5.9572,3.4261,5.9616,3.158,5.9565,3.4204,5.9615,3.161,5.9569,3.4269,5.9616,3.1561,5.9566,3.4482,5.9619,3.1282,5.9555,3.4506,5.9618,3.1239,5.956,3.4537,5.9617,3.1206,5.9564,3.4802,5.962,3.0835,5.9554,3.4814,5.9619,3.0844,5.956,3.4943,5.9619,3.0674,5.9557
3.408,6.0679,3.2053,6.0661,3.3941,6.0681,3.2045,6.0663,3.3946,6.0683,3.2031,6.0664,3.3951,6.0683,3.2014,6.0666,3.396,6.0688,3.2003,6.0664,3.3974,6.0689,3.1974,6.0663,3.3989,6.0691,3.194,6.0662,3.4053,6.0692,3.1864,6.0659,3.4076,6.0693,3.1829,6.0659,3.4128,6.0696,3.1761,6.0656,3.4135,6.0696,3.1748,6.0657,3.4167,6.0697,3.1705,6.0655,3.4273,6.07,3.1561,6.0647,3.4217,6.0699,3.1589,6.0652,3.4282,6.07,3.154,6.0649,3.4496,6.0703,3.1258,6.0638,3.4522,6.0702,3.1212,6.0643,3.4556,6.07,3.1176,6.0647,3.4826,6.0704,3.0797,6.0636,3.4842,6.0703,3.0799,6.0643,3.4977,6.0703,3.0616,6.0639
3.4091,6.1762,3.2039,6.1745,3.3954,6.1765,3.203,6.1746,3.3959,6.1767,3.2015,6.1748,3.3963,6.1767,3.1998,6.1749,3.3972,6.1771,3.1986,6.1747,3.3985,6.1773,3.1956,6.1747,3.4001,6.1775,3.1922,6.1745,3.4064,6.1776,3.1846,6.1742,3.4088,6.1777,3.1811,6.1742,3.414,6.178,3.1743,6.1739,3.4147,6.1779,3.1729,6.174,3.4179,6.1781,3.1685,6.1738,3.4286,6.1783,3.1541,6.173,3.4229,6.1783,3.1568,6.1735,3.4295,6.1784,3.1519,6.1732,3.451,6.1787,3.1234,6.1721,3.4538,6.1786,3.1185,6.1726,3.4576,6.1784,3.1145,6.173,3.4851,6.1788,3.0756,6.1719,3.4872,6.1787,3.075,6.1725,3.5013,6.1787,3.0552,6.1722
3.4102,6.2846,3.2025,6.2828,3.3966,6.2848,3.2013,6.2829,3.3971,6.2851,3.1998,6.2831,3.3975,6.285,3.198,6.2832,3.3984,6.2855,3.1968,6.283,3.3997,6.2856,3.1938,6.283,3.4013,6.2858,3.1904,6.2828,3.4076,6.286,3.1828,6.2825,3.41,6.2861,3.1792,6.2826,3.4153,6.2864,3.1724,6.2822,3.416,6.2863,3.1709,6.2824,3.4192,6.2865,3.1665,6.2821,3.4298,6.2867,3.152,6.2813,3.4242,6.2867,3.1546,6.2818,3.4308,6.2868,3.1497,6.2815,3.4525,6.2871,3.1209,6.2804,3.4555,6.287,3.1157,6.2809,3.4597,6.2868,3.1113,6.2813,3.4877,6.2872,3.0712,6.2802,3.4904,6.287,3.0697,6.2808,3.5052,6.2871,3.0481,6.2805
3.4113,6.3929,3.2011,6.3911,3.3979,6.3932,3.1997,6.3912,3.3983,6.3934,3.1981,6.3914,3.3987,6.3934,3.1963,6.3916,3.3995,6.3939,3.195,6.3914,3.4009,6.394,3.192,6.3913,3.4025,6.3942,3.1885,6.3911,3.4089,6.3944,3.1809,6.3908,3.4112,6.3945,3.1773,6.3909,3.4165,6.3948,3.1705,6.3906,3.4173,6.3947,3.1689,6.3907,3.4205,6.3949,3.1645,6.3904,3.4311,6.3951,3.1499,6.3896,3.4254,6.395,3.1524,6.3901,3.4321,6.3951,3.1474,6.3898,3.454,6.3955,3.1183,6.3887,3.4573,6.3954,3.1127,6.3892,3.4618,6.3952,3.1079,6.3896,3.4905,6.3956,3.0664,6.3885,3.4937,6.3954,3.064,6.3891,3.5093,6.3955,3.0404,6.3888
3.4124,6.5013,3.1997,6.4994,3.3992,6.5015,3.198,6.4996,3.3996,6.5018,3.1963,6.4998,3.3999,6.5018,3.1944,6.4999,3.4007,6.5022,3.1931,6.4997,3.4021,6.5024,3.19,6.4996,3.4036,6.5026,3.1866,6.4995,3.4101,6.5027,3.1791,6.4991,3.4124,6.5029,3.1753,6.4992,3.4177,6.5031,3.1684,6.4989,3.4186,6.5031,3.1668,6.499,3.4217,6.5033,3.1623,6.4987,3.4324,6.5035,3.1477,6.4979,3.4267,6.5034,3.1501,6.4984,3.4335,6.5035,3.1451,6.4981,3.4555,6.5039,3.1157,6.497,3.4591,6.5038,3.1097,6.4975,3.4641,6.5036,3.1044,6.4979,3.4933,6.504,3.0612,6.4968,3.4971,6.5038,3.0576,6.4974,3.5137,6.5039,3.0318,6.4971
3.4135,6.6097,3.1981,6.6078,3.4004,6.6099,3.1962,6.6079,3.4008,6.6102,3.1945,6.6081,3.4011,6.6101,3.1926,6.6082,3.402,6.6106,3.1912,6.608,3.4033,6.6108,3.1881,6.608,3.4049,6.611,3.1846,6.6078,3.4113,6.6111,3.1771,6.6075,3.4137,6.6113,3.1733,6.6075,3.4189,6.6115,3.1664,6.6072,3.4198,6.6115,3.1647,6.6073,3.423,6.6116,3.1601,6.607,3.4337,6.6119,3.1455,6.6062,3.428,6.6118,3.1477,6.6067,3.4348,6.6119,3.1427,6.6064,3.4571,6.6123,3.1129,6.6052,3.461,6.6122,3.1065,6.6058,3.4664,6.612,3.1007,6.6062,3.4964,6.6125,3.0556,6.605,3.5008,6.6122,3.0507,6.6057,3.5186,6.6123,3.0224,6.6054
3.4145,6.718,3.1966,6.7161,3.4016,6.7183,3.1943,6.7162,3.402,6.7185,3.1926,6.7164,3.4023,6.7185,3.1906,6.7165,3.4031,6.719,3.1892,6.7164,3.4045,6.7191,3.186,6.7163,3.406,6.7194,3.1825,6.7161,3.4125,6.7195,3.175,6.7158,3.4149,6.7196,3.1712,6.7158,3.4202,6.7199,3.1642,6.7155,3.4211,6.7199,3.1624,6.7156,3.4243,6.72,3.1579,6.7153,3.435,6.7203,3.1431,6.7145,3.4293,6.7202,3.1452,6.715,3.4363,6.7203,3.1402,6.7147,3.4588,6.7207,3.11,6.7135,3.463,6.7206,3.1032,6.7141,3.4689,6.7204,3.0967,6.7144,3.4997,6.7209,3.0495,6.7133,3.5048,6.7206,3.0431,6.714,3.5241,6.7207,3.0121,6.7136
3.4156,6.8264,3.1949,6.8244,3.4027,6.8266,3.1924,6.8245,3.4031,6.8269,3.1906,6.8248,3.4035,6.8268,3.1886,6.8249,3.4043,6.8274,3.1871,6.8247,3.4057,6.8275,3.1839,6.8246,3.4072,6.8277,3.1803,6.8244,3.4138,6.8279,3.1729,6.8241,3.4161,6.828,3.169,6.8242,3.4214,6.8283,3.162,6.8238,3.4224,6.8283,3.1601,6.8239,3.4256,6.8284,3.1555,6.8236,3.4364,6.8287,3.1407,6.8228,3.4306,6.8286,3.1427,6.8233,3.4378,6.8287,3.1376,6.823,3.4605,6.8291,3.1071,6.8218,3.4651,6.829,3.0997,6.8224,3.4715,6.8288,3.0924,6.8227,3.5031,6.8293,3.0429,6.8216,3.5091,6.829,3.0347,6.8223,3.5301,6.8291,3.0006,6.8219
3.4167,6.9347,3.1933,6.9327,3.4038,6.935,3.1905,6.9329,3.4042,6.9353,3.1886,6.9331,3.4046,6.9352,3.1865,6.9332,3.4054,6.9357,3.1849,6.933,3.4068,6.9359,3.1817,6.933,3.4084,6.9361,3.1781,6.9328,3.4149,6.9363,3.1707,6.9324,3.4173,6.9364,3.1667,6.9325,3.4226,6.9367,3.1597,6.9321,3.4237,6.9366,3.1578,6.9323,3.4269,6.9368,3.1531,6.9319,3.4377,6.9371,3.1382,6.9311,3.432,6.937,3.14,6.9316,3.4392,6.9371,3.1349,6.9313,3.4622,6.9375,3.104,6.9301,3.4673,6.9374,3.0961,6.9307,3.4742,6.9372,3.0879,6.931,3.5069,6.9377,3.0357,6.9299,3.5138,6.9374,3.0254,6.9306,3.5371,6.9375,2.9881,6.9302
3.4177,7.0431,3.1916,7.0411,3.4049,7.0433,3.1884,7.0412,3.4053,7.0436,3.1864,7.0414,3.4057,7.0436,3.1843,7.0415,3.4065,7.0441,3.1827,7.0413,3.408,7.0442,3.1795,7.0413,3.4095,7.0445,3.1758,7.0411,3.4162,7.0446,3.1684,7.0407,3.4185,7.0448,3.1643,7.0408,3.4239,7.0451,3.1573,7.0404,3.4251,7.045,3.1553,7.0406,3.4283,7.0452,3.1506,7.0402,3.4391,7.0455,3.1356,7.0394,3.4334,7.0454,3.1373,7.0399,3.4408,7.0455,3.1321,7.0396,3.4641,7.0459,3.1008,7.0384,3.4696,7.0458,3.0923,7.039,3.4771,7.0456,3.083,7.0393,3.5109,7.0461,3.0278,7.0382,3.5191,7.0458,3.0153,7.0389,3.545,7.0459,2.9744,7.0385
3.4187,7.1514,3.1898,7.1494,3.4059,7.1517,3.1864,7.1495,3.4063,7.152,3.1842,7.1497,3.4068,7.1519,3.182,7.1499,3.4076,7.1525,3.1803,7.1497,3.4091,7.1526,3.1771,7.1496,3.4106,7.1529,3.1735,7.1494,3.4174,7.153,3.166,7.1491,3.4198,7.1532,3.1619,7.1491,3.4251,7.1535,3.1548,7.1488,3.4264,7.1534,3.1528,7.1489,3.4296,7.1536,3.148,7.1486,3.4405,7.1539,3.1329,7.1477,3.4349,7.1538,3.1345,7.1482,3.4424,7.1539,3.1293,7.1479,3.466,7.1543,3.0974,7.1467,3.472,7.1542,3.0882,7.1472,3.4802,7.154,3.0775,7.1476,3.5153,7.1545,3.0192,7.1464,3.525,7.1542,3.0042,7.1472,3.5543,7.1543,2.9594,7.1468
3.4197,7.2598,3.188,7.2577,3.4069,7.2601,3.1842,7.2578,3.4073,7.2603,3.1819,7.2581,3.4078,7.2603,3.1797,7.2582,3.4087,7.2608,3.178,7.258,3.4102,7.261,3.1747,7.2579,3.4118,7.2612,3.171,7.2577,3.4186,7.2614,3.1636,7.2574,3.421,7.2615,3.1594,7.2574,3.4264,7.2619,3.1523,7.2571,3.4277,7.2618,3.1501,7.2572,3.4311,7.262,3.1453,7.2569,3.442,7.2623,3.1301,7.256,3.4364,7.2622,3.1315,7.2565,3.4442,7.2623,3.1263,7.2562,3.468,7.2627,3.0939,7.2549,3.4746,7.2625,3.0838,7.2555,3.4836,7.2624,3.0714,7.2559,3.52,7.2629,3.0097,7.2547,3.5317,7.2626,2.9919,7.2554,3.5652,7.2627,2.943,7.2551
3.4208,7.3681,3.1862,7.366,3.4079,7.3684,3.1819,7.3662,3.4084,7.3687,3.1796,7.3664,3.4089,7.3687,3.1772,7.3665,3.4098,7.3692,3.1755,7.3663,3.4113,7.3694,3.1722,7.3663,3.413,7.3696,3.1685,7.3661,3.4198,7.3698,3.161,7.3657,3.4222,7.3699,3.1568,7.3658,3.4277,7.3702,3.1496,7.3654,3.4291,7.3702,3.1474,7.3655,3.4325,7.3704,3.1425,7.3652,3.4436,7.3707,3.1272,7.3643,3.438,7.3706,3.1285,7.3648,3.446,7.3707,3.1232,7.3645,3.4701,7.3711,3.0901,7.3632,3.4774,7.3709,3.079,7.3638,3.4872,7.3708,3.0647,7.3642,3.5254,7.3713,2.9994,7.363,3.5395,7.371,2.9786,7.3637,3.5779,7.3711,2.925,7.3634
3.4217,7.4765,3.1843,7.4744,3.4089,7.4768,3.1796,7.4745,3.4093,7.4771,3.1771,7.4747,3.4099,7.477,3.1747,7.4749,3.4108,7.4776,3.1729,7.4747,3.4124,7.4777,3.1695,7.4746,3.4141,7.478,3.1658,7.4744,3.4211,7.4781,3.1584,7.474,3.4235,7.4783,3.154,7.4741,3.429,7.4786,3.1468,7.4737,3.4306,7.4786,3.1445,7.4739,3.434,7.4787,3.1396,7.4735,3.4452,7.4791,3.1242,7.4726,3.4396,7.4789,3.1254,7.4731,3.4479,7.4791,3.12,7.4728,3.4724,7.4795,3.0862,7.4715,3.4803,7.4793,3.0738,7.4721,3.4911,7.4792,3.0572,7.4725,3.5313,7.4797,2.9882,7.4713,3.5484,7.4794,2.9641,7.472,3.5926,7.4795,2.9054,7.4716
3.4227,7.5849,3.1824,7.5827,3.4099,7.5851,3.1772,7.5828,3.4103,7.5854,3.1746,7.5831,3.4109,7.5854,3.1721,7.5832,3.4119,7.586,3.1702,7.583,3.4135,7.5861,3.1668,7.5829,3.4153,7.5864,3.163,7.5827,3.4224,7.5865,3.1556,7.5823,3.4249,7.5867,3.1511,7.5824,3.4304,7.587,3.1439,7.582,3.432,7.587,3.1415,7.5822,3.4356,7.5871,3.1366,7.5818,3.4468,7.5875,3.121,7.5809,3.4414,7.5873,3.1221,7.5814,3.4499,7.5874,3.1168,7.5811,3.4748,7.5879,3.082,7.5798,3.4835,7.5877,3.068,7.5804,3.4955,7.5876,3.0489,7.5808,3.5381,7.5881,2.976,7.5796,3.5589,7.5878,2.9482,7.5803,3.6095,7.5879,2.8836,7.5799
3.4238,7.6932,3.1803,7.691,3.4108,7.6935,3.1747,7.6912,3.4114,7.6938,3.1719,7.6914,3.412,7.6937,3.1694,7.6915,3.4129,7.6943,3.1674,7.6913,3.4146,7.6945,3.164,7.6913,3.4165,7.6947,3.1601,7.691,3.4237,7.6949,3.1528,7.6907,3.4262,7.6951,3.1482,7.6907,3.4318,7.6954,3.1409,7.6903,3.4335,7.6953,3.1384,7.6905,3.4372,7.6955,3.1335,7.6901,3.4486,7.6958,3.1178,7.6892,3.4431,7.6957,3.1188,7.6897,3.4519,7.6958,3.1134,7.6894,3.4774,7.6963,3.0774,7.6881,3.4869,7.6961,3.0616,7.6887,3.5003,7.696,3.0396,7.6891,3.5458,7.6965,2.9626,7.6878,3.5711,7.6962,2.931,7.6886,3.6289,7.6963,2.8592,7.6882
3.4248,7.8016,3.1782,7.7993,3.4118,7.8019,3.172,7.7995,3.4124,7.8022,3.1692,7.7997,3.413,7.8021,3.1665,7.7999,3.414,7.8027,3.1645,7.7996,3.4158,7.8028,3.161,7.7996,3.4177,7.8031,3.1571,7.7994,3.425,7.8033,3.1498,7.799,3.4276,7.8034,3.1451,7.799,3.4333,7.8038,3.1377,7.7986,3.4351,7.8037,3.1352,7.7988,3.4389,7.8039,3.1302,7.7984,3.4504,7.8042,3.1144,7.7975,3.4451,7.8041,3.1154,7.7981,3.454,7.8042,3.1099,7.7977,3.4801,7.8047,3.0725,7.7964,3.4906,7.8045,3.0546,7.797,3.5058,7.8043,3.0294,7.7974,3.5548,7.8049,2.9479,7.7961,3.5851,7.8046,2.9121,7.7969,3.6511,7.8047,2.8308,7.7965
3.4259,7.9099,3.1761,7.9077,3.4128,7.9102,3.1693,7.9078,3.4133,7.9105,3.1663,7.908,3.4141,7.9105,3.1635,7.9082,3.4152,7.9111,3.1614,7.908,3.4169,7.9112,3.1579,7.9079,3.4189,7.9115,3.1539,7.9077,3.4264,7.9117,3.1466,7.9073,3.429,7.9118,3.1418,7.9074,3.4348,7.9122,3.1345,7.907,3.4368,7.9121,3.1319,7.9071,3.4406,7.9123,3.1268,7.9067,3.4522,7.9126,3.1109,7.9058,3.447,7.9125,3.1118,7.9064,3.4563,7.9126,3.1062,7.906,3.483,7.9131,3.0671,7.9046,3.4946,7.9129,3.0468,7.9053,3.5121,7.9127,3.0182,7.9057,3.5652,7.9133,2.9319,7.9044,3.6012,7.913,2.8914,7.9052,3.6761,7.9131,2.7967,7.9048
3.4269,8.0183,3.1739,8.016,3.4138,8.0186,3.1665,8.0161,3.4144,8.0189,3.1632,8.0164,3.4153,8.0188,3.1604,8.0165,3.4163,8.0194,3.1582,8.0163,3.4181,8.0196,3.1546,8.0162,3.4202,8.0199,3.1506,8.016,3.4278,8.02,3.1434,8.0156,3.4304,8.0202,3.1384,8.0157,3.4364,8.0205,3.1311,8.0153,3.4385,8.0205,3.1284,8.0154,3.4424,8.0207,3.1234,8.015,3.4542,8.021,3.1073,8.0141,3.4491,8.0209,3.1081,8.0147,3.4586,8.021,3.1023,8.0143,3.4861,8.0215,3.0612,8.0129,3.4991,8.0213,3.0382,8.0136,3.5194,8.0211,3.0059,8.014,3.5773,8.0217,2.9144,8.0127,3.6194,8.0214,2.8683,8.0135,3.704,8.0215,2.7535,8.0131
3.428,8.1266,3.1716,8.1243,3.4148,8.1269,3.1634,8.1245,3.4154,8.1273,3.16,8.1247,3.4163,8.1272,3.1571,8.1249,3.4175,8.1278,3.1548,8.1246,3.4193,8.1279,3.1512,8.1246,3.4214,8.1283,3.1471,8.1243,3.4292,8.1284,3.14,8.124,3.432,8.1286,3.135,8.124,3.438,8.1289,3.1276,8.1236,3.4403,8.1289,3.1249,8.1238,3.4443,8.1291,3.1198,8.1233,3.4564,8.1294,3.1035,8.1224,3.4513,8.1293,3.1042,8.123,3.4611,8.1294,3.0981,8.1226,3.4894,8.1299,3.0548,8.1212,3.5042,8.1297,3.0287,8.1219,3.5278,8.1295,2.9926,8.1223,3.5911,8.1301,2.8951,8.121,3.64,8.1298,2.8421,8.1218,3.7352,8.1299,2.6949,8.1213
3.4292,8.235,3.1691,8.2326,3.4158,8.2353,3.1603,8.2328,3.4165,8.2356,3.1567,8.233,3.4175,8.2356,3.1536,8.2332,3.4186,8.2362,3.1512,8.233,3.4206,8.2363,3.1476,8.2329,3.4227,8.2366,3.1435,8.2327,3.4308,8.2368,3.1365,8.2323,3.4335,8.237,3.1314,8.2323,3.4397,8.2373,3.1241,8.2319,3.4421,8.2373,3.1213,8.2321,3.4463,8.2375,3.1162,8.2317,3.4585,8.2378,3.0996,8.2307,3.4537,8.2377,3.1001,8.2313,3.4637,8.2378,3.0935,8.2309,3.493,8.2383,3.0478,8.2295,3.51,8.2381,3.0183,8.2302,3.5377,8.2379,2.9782,8.2306,3.607,8.2385,2.8737,8.2292,3.6631,8.2382,2.8112,8.2301,3.7713,8.2383,2.6087,8.2296
3.4304,8.3433,3.1667,8.341,3.4169,8.3436,3.1569,8.3411,3.4176,8.344,3.1532,8.3414,3.4186,8.3439,3.15,8.3415,3.4198,8.3445,3.1475,8.3413,3.4219,8.3447,3.1438,8.3412,3.4241,8.345,3.1397,8.341,3.4323,8.3452,3.1328,8.3406,3.4351,8.3453,3.1278,8.3406,3.4414,8.3457,3.1205,8.3402,3.4441,8.3456,3.1177,8.3404,3.4484,8.3458,3.1125,8.34,3.4609,8.3462,3.0953,8.339,3.4561,8.3461,3.0956,8.3396,3.4665,8.3462,3.0885,8.3392,3.497,8.3467,3.0401,8.3378,3.5166,8.3465,3.0068,8.3385,3.5491,8.3463,2.9627,8.3389,3.6252,8.3469,2.8493,8.3375,3.6888,8.3466,2.7734,8.3383,3.8172,8.3467,2.4632,8.3379
3.4317,8.4517,3.1641,8.4493,3.418,8.452,3.1535,8.4494,3.4188,8.4523,3.1495,8.4497,3.4198,8.4523,3.1462,8.4498,3.4211,8.4529,3.1436,8.4496,3.4232,8.4531,3.14,8.4496,3.4255,8.4534,3.136,8.4493,3.4339,8.4535,3.1292,8.4489,3.4369,8.4537,3.1242,8.449,3.4433,8.4541,3.1168,8.4485,3.4461,8.454,3.114,8.4487,3.4506,8.4542,3.1086,8.4483,3.4634,8.4546,3.0907,8.4473,3.4587,8.4545,3.0907,8.4479,3.4695,8.4546,3.0829,8.4475,3.5013,8.4551,3.0316,8.4461,3.5243,8.4549,2.9944,8.4467,3.5621,8.4547,2.946,8.4472,3.6461,8.4553,2.8208,8.4458,3.7172,8.455,2.7242,8.4466,3.8819,8.4551,2.1168,8.4462
3.433,8.56,3.1614,8.5576,3.4191,8.5604,3.1498,8.5578,3.4199,8.5607,3.1456,8.558,3.4211,8.5607,3.1423,8.5582,3.4224,8.5613,3.1397,8.558,3.4246,8.5614,3.1363,8.5579,3.427,8.5618,3.1324,8.5576,3.4355,8.5619,3.1255,8.5572,3.4387,8.5621,3.1206,8.5573,3.4453,8.5625,3.113,8.5569,3.4483,8.5624,3.11,8.557,3.4529,8.5626,3.1044,8.5566,3.4661,8.563,3.0857,8.5556,3.4615,8.5628,3.0852,8.5562,3.4726,8.563,3.0766,8.5558,3.5062,8.5635,3.0224,8.5543,3.5331,8.5633,2.9808,8.555,3.5767,8.5631,2.9279,8.5555,3.67,8.5637,2.7866,8.5541,3.7484,8.5634,2.6561,8.5549,3.9002,8.4796,1.999,8.4653
3.4343,8.6684,3.1586,8.6659,3.4202,8.6687,3.146,8.6661,3.4211,8.6691,3.1416,8.6664,3.4224,8.669,3.1383,8.6665,3.4237,8.6696,3.136,8.6663,3.426,8.6698,3.1326,8.6662,3.4285,8.6701,3.1288,8.666,3.4372,8.6703,3.1218,8.6656,3.4405,8.6705,3.1168,8.6656,3.4474,8.6709,3.1091,8.6652,3.4504,8.6708,3.1058,8.6654,3.4553,8.671,3.0998,8.6649,3.4689,8.6714,3.0802,8.6639,3.4646,8.6712,3.0791,8.6645,3.4761,8.6714,3.0696,8.6641,3.5117,8.6718,3.0123,8.6626,3.5433,8.6717,2.9662,8.6633,3.5932,8.6715,2.9083,8.6638,3.6971,8.6721,2.7436,8.6624,3.7842,8.6718,2.5537,8.6632,,,,
3.4357,8.7768,3.1555,8.7743,3.4214,8.7771,3.142,8.7744,3.4224,8.7774,3.1375,8.7747,3.4237,8.7774,3.1345,8.7748,3.4251,8.778,3.1324,8.7746,3.4275,8.7782,3.1292,8.7745,3.4301,8.7785,3.1253,8.7743,3.439,8.7787,3.1181,8.7739,3.4425,8.7789,3.1129,8.7739,3.4495,8.7792,3.1049,8.7735,3.4528,8.7792,3.1013,8.7737,3.4579,8.7794,3.0948,8.7732,3.4721,8.7798,3.074,8.7722,3.4679,8.7796,3.0723,8.7728,3.48,8.7797,3.0617,8.7724,3.5179,8.7802,3.0013,8.7709,3.5548,8.7801,2.9503,8.7716,3.6119,8.7799,2.8869,8.7721,3.7278,8.7805,2.6871,8.7706,3.8306,8.7802,2.3705,8.7715,,,,
3.4372,8.8851,3.1524,8.8826,3.4226,8.8854,3.1377,8.8827,3.4237,8.8858,3.1336,8.883,3.4251,8.8857,3.1309,8.8832,3.4266,8.8864,3.129,8.8829,3.4291,8.8865,3.1257,8.8829,3.4318,8.8869,3.1217,8.8826,3.4408,8.8871,3.1141,8.8822,3.4445,8.8873,3.1088,8.8822,3.4518,8.8876,3.1003,8.8818,3.4553,8.8876,3.0963,8.882,3.4607,8.8878,3.0892,8.8815,3.4754,8.8882,3.0672,8.8805,3.4716,8.888,3.0645,8.8811,3.4843,8.8881,3.0529,8.8807,3.525,8.8886,2.9893,8.8792,3.5679,8.8885,2.9331,8.8799,3.633,8.8883,2.8633,8.8804,3.7617,8.8889,2.609,8.8789,3.9003,8.8879,1.9991,8.8621,,,,
3.4387,8.9935,3.1491,8.9909,3.4239,8.9938,3.1335,8.9911,3.4251,8.9942,3.13,8.9913,3.4265,8.9941,3.1275,8.9915,3.4281,8.9948,3.1256,8.9913,3.4307,8.9949,3.1222,8.9912,3.4335,8.9953,3.1179,8.9909,3.4428,8.9954,3.11,8.9905,3.4467,8.9956,3.1043,8.9906,3.4543,8.996,3.0953,8.9901,3.458,8.9959,3.0906,8.9903,3.4637,8.9962,3.0828,8.9898,3.4791,8.9965,3.0595,8.9888,3.4757,8.9964,3.0557,8.9894,3.4893,8.9965,3.043,8.989,3.5332,8.997,2.9763,8.9875,3.5824,8.9969,2.9143,8.9882,3.6565,8.9967,2.8371,8.9887,3.7997,8.9973,2.4906,8.9872,,,,,,,,
3.4404,9.1018,3.1455,9.0992,3.4253,9.1021,3.1295,9.0994,3.4265,9.1025,3.1265,9.0997,3.4279,9.1025,3.1241,9.0998,3.4296,9.1031,3.1221,9.0996,3.4324,9.1033,3.1184,9.0995,3.4353,9.1036,3.1139,9.0993,3.4449,9.1038,3.1054,9.0988,3.4491,9.104,3.0992,9.0989,3.4569,9.1044,3.0896,9.0984,3.461,9.1043,3.0841,9.0986,3.4671,9.1046,3.0755,9.0981,3.4832,9.1049,3.0509,9.0971,3.4804,9.1048,3.0457,9.0977,3.4949,9.1049,3.032,9.0973,3.5427,9.1054,2.962,9.0957,3.5989,9.1053,2.8938,9.0965,3.682,9.1051,2.8068,9.097,3.8473,9.1057,2.2712,9.0955,,,,,,,,
3.4421,9.2102,3.1418,9.2076,3.4267,9.2105,3.1257,9.2077,3.428,9.2109,3.1231,9.208,3.4295,9.2108,3.1206,9.2082,3.4313,9.2115,3.1184,9.2079,3.4342,9.2117,3.1144,9.2079,3.4372,9.212,3.1094,9.2076,3.4472,9.2122,3.1003,9.2072,3.4516,9.2124,3.0934,9.2072,3.4596,9.2128,3.083,9.2067,3.4642,9.2127,3.0766,9.2069,3.4708,9.2129,3.0669,9.2064,3.4878,9.2133,3.0412,9.2054,3.4859,9.2132,3.0345,9.206,3.5015,9.2133,3.0197,9.2056,3.5535,9.2138,2.9464,9.204,3.6176,9.2137,2.871,9.2048,3.7075,9.2135,2.7702,9.2053,3.9002,9.1866,1.9981,9.159,,,,,,,,
3.4439,9.3185,3.1379,9.3159,3.4282,9.3189,3.1221,9.316,3.4296,9.3192,3.1196,9.3163,3.4312,9.3192,3.1168,9.3165,3.433,9.3199,3.1143,9.3163,3.4361,9.32,3.1097,9.3162,3.4393,9.3204,3.1042,9.3159,3.4497,9.3206,3.0945,9.3155,3.4544,9.3208,3.0866,9.3155,3.463,9.3212,3.0754,9.3151,3.4679,9.3211,3.0678,9.3153,3.4751,9.3213,3.0571,9.3148,3.4931,9.3217,3.0304,9.3137,3.4925,9.3216,3.0221,9.3143,3.5093,9.3217,3.0062,9.3139,3.566,9.3222,2.9294,9.3123,3.639,9.3221,2.8454,9.3131,3.7318,9.3219,2.7231,9.3136,,,,,,,,,,,,
3.4459,9.4269,3.1338,9.4242,3.4298,9.4272,3.1186,9.4244,3.4313,9.4276,3.1158,9.4247,3.433,9.4276,3.1126,9.4248,3.4349,9.4282,3.1095,9.4246,3.4381,9.4284,3.1043,9.4245,3.4416,9.4288,3.0979,9.4242,3.4523,9.429,3.0876,9.4238,3.4574,9.4292,3.0784,9.4238,3.4666,9.4296,3.0664,9.4234,3.4721,9.4295,3.0574,9.4236,3.4801,9.4297,3.0457,9.4231,3.4992,9.4301,3.0183,9.422,3.5003,9.43,3.0084,9.4226,3.5185,9.4301,2.9914,9.4222,3.5803,9.4306,2.9108,9.4206,3.663,9.4305,2.8159,9.4214,3.7547,9.4303,2.6583,9.4219,,,,,,,,,,,,
3.4482,9.5353,3.1295,9.5325,3.4315,9.5356,3.1148,9.5327,3.4332,9.536,3.1115,9.533,3.4349,9.5359,3.1077,9.5332,3.4369,9.5366,3.1036,9.5329,3.4404,9.5368,3.0973,9.5328,3.4442,9.5371,3.0897,9.5326,3.4553,9.5373,3.0793,9.5321,3.461,9.5375,3.0683,9.5322,3.4708,9.5379,3.0556,9.5317,3.477,9.5379,3.0454,9.5319,3.4859,9.5381,3.0328,9.5314,3.5065,9.5385,3.005,9.5303,3.5098,9.5384,2.9933,9.5309,3.5296,9.5385,2.9753,9.5305,3.5967,9.539,2.8903,9.5289,3.6895,9.5389,2.7807,9.5297,3.7782,9.5387,2.561,9.5302,,,,,,,,,,,,
3.4506,9.6436,3.125,9.6409,3.4333,9.6439,3.1107,9.641,3.4351,9.6443,3.1065,9.6413,3.4369,9.6443,3.1016,9.6415,3.4392,9.645,3.0957,9.6412,3.4429,9.6451,3.088,9.6412,3.447,9.6455,3.0791,9.6409,3.4588,9.6457,3.0689,9.6405,3.465,9.6459,3.0561,9.6405,3.4756,9.6463,3.043,9.64,3.4828,9.6463,3.0317,9.6402,3.4931,9.6465,3.0184,9.6397,3.5153,9.6469,2.9901,9.6387,3.5213,9.6468,2.9768,9.6393,3.5428,9.6469,2.9576,9.6388,3.6156,9.6474,2.8674,9.6372,3.7181,9.6473,2.7369,9.638,3.8078,9.6471,2.3884,9.6385,,,,,,,,,,,,
3.4531,9.752,3.1202,9.7492,3.4353,9.7523,3.106,9.7493,3.4373,9.7527,3.1003,9.7497,3.4393,9.7526,3.0933,9.7498,3.4418,9.7534,3.0852,9.7496,3.4459,9.7535,3.0761,9.7495,3.4504,9.7539,3.0662,9.7492,3.4627,9.7541,3.0564,9.7488,3.4698,9.7543,3.0421,9.7488,3.4814,9.7547,3.0289,9.7483,3.49,9.7546,3.0165,9.7485,3.502,9.7549,3.0026,9.748,3.5259,9.7553,2.9739,9.747,3.5353,9.7551,2.9589,9.7476,3.5584,9.7553,2.9384,9.7471,3.6374,9.7558,2.8416,9.7454,3.7469,9.7557,2.6805,9.7463,3.858,9.7555,1.9991,9.7349,,,,,,,,,,,,
3.4559,9.8603,3.1152,9.8575,3.4375,9.8607,3.1007,9.8577,3.4397,9.8611,3.092,9.858,3.442,9.861,3.0823,9.8581,3.4447,9.8617,3.0719,9.8579,3.4493,9.8619,3.0616,9.8578,3.4544,9.8623,3.0511,9.8575,3.4673,9.8625,3.0421,9.8571,3.4756,9.8627,3.0265,9.8571,3.4886,9.8631,3.0134,9.8566,3.499,9.863,3.0001,9.8569,3.513,9.8633,2.9856,9.8563,3.5387,9.8637,2.9562,9.8552,3.5519,9.8635,2.9394,9.8559,3.5767,9.8637,2.9172,9.8554,3.6617,9.8642,2.8118,9.8537,3.7746,9.864,2.6033,9.8546,3.9003,9.8082,,,,,,,,,,,,,,
3.4591,9.9687,3.11,9.9658,3.4399,9.969,3.094,9.966,3.4425,9.9694,3.0807,9.9663,3.4451,9.9694,3.0682,9.9665,3.4483,9.9701,3.0558,9.9662,3.4535,9.9702,3.0448,9.9661,3.4594,9.9707,3.034,9.9659,3.4731,9.9709,3.0259,9.9654,3.483,9.9711,3.0095,9.9654,3.4977,9.9715,2.9965,9.9649,3.5104,9.9714,2.9824,9.9652,3.5267,9.9717,2.9673,9.9646,3.5542,9.9721,2.9369,9.9635,3.5714,9.9719,2.9182,9.9642,3.598,9.9721,2.8939,9.9637,3.6887,9.9726,2.7769,9.962,3.8032,9.9724,2.4864,9.9628,,,,,,,,,,,,,,,,
3.4626,10.077,3.1047,10.0742,3.4427,10.0774,3.0852,10.0743,3.4457,10.0778,3.0664,10.0746,3.4489,10.0777,3.0517,10.0748,3.4527,10.0785,3.0378,10.0746,3.4589,10.0786,3.0263,10.0745,3.466,10.079,3.0154,10.0742,3.4807,10.0792,3.0081,10.0737,3.4928,10.0794,2.991,10.0738,3.5095,10.0799,2.9784,10.0733,3.5249,10.0798,2.9634,10.0735,3.5435,10.0801,2.9476,10.0729,3.5723,10.0805,2.9159,10.0719,3.5936,10.0803,2.8949,10.0725,3.6218,10.0804,2.8678,10.072,3.7175,10.081,2.7348,10.0703,3.8387,10.0808,2.2637,10.0711,,,,,,,,,,,,,,,,
3.4665,10.1854,3.0993,10.1825,3.4458,10.1857,3.0735,10.1827,3.4496,10.1861,3.0501,10.183,3.4536,10.1861,3.0337,10.1831,3.4585,10.1868,3.0187,10.1829,3.4663,10.187,3.0066,10.1828,3.4752,10.1874,2.9955,10.1825,3.4908,10.1876,2.989,10.1821,3.506,10.1878,2.9712,10.1821,3.5247,10.1883,2.9588,10.1816,3.5428,10.1882,2.9429,10.1818,3.5631,10.1884,2.9264,10.1812,3.5929,10.1889,2.8928,10.1802,3.6173,10.1887,2.8688,10.1808,3.6473,10.1888,2.8378,10.1803,3.7466,10.1894,2.6828,10.1786,3.9001,10.1798,1.9987,10.1303,,,,,,,,,,,,,,,,
3.471,10.2937,3.0939,10.2908,3.4496,10.2941,3.0592,10.291,3.4546,10.2945,3.0325,10.2913,3.46,10.2945,3.0149,10.2915,3.4666,10.2952,2.9989,10.2912,3.4768,10.2954,2.9861,10.2911,3.4883,10.2958,2.9746,10.2908,3.5046,10.296,2.9686,10.2904,3.5233,10.2962,2.9501,10.2904,3.5435,10.2966,2.938,10.2899,3.5634,10.2966,2.9211,10.2901,3.5847,10.2968,2.9033,10.2896,3.6156,10.2973,2.8665,10.2885,3.6417,10.2971,2.8388,10.2891,3.6739,10.2972,2.8023,10.2886,3.7731,10.2978,2.6153,10.2869,,,,,,,,,,,,,,,,,,,,
3.4761,10.4021,3.0884,10.3991,3.4543,10.4025,3.0432,10.3993,3.4611,10.4029,3.0141,10.3996,3.4688,10.4028,2.9953,10.3998,3.4782,10.4036,2.9783,10.3995,3.4915,10.4037,2.9648,10.3995,3.5055,10.4042,2.9526,10.3992,3.5223,10.4044,2.947,10.3987,3.544,10.4046,2.9276,10.3987,3.565,10.405,2.9155,10.3982,3.5859,10.405,2.8974,10.3984,3.6076,10.4052,2.8781,10.3979,3.6397,10.4056,2.8361,10.3968,3.6669,10.4055,2.8031,10.3974,3.7018,10.4056,2.759,10.3969,3.7951,10.4062,2.5221,10.3951,,,,,,,,,,,,,,,,,,,,
3.4821,10.5105,3.0828,10.5075,3.4602,10.5108,3.0261,10.5076,3.4704,10.5112,2.9951,10.508,3.4813,10.5112,2.9751,10.5081,3.4941,10.512,2.9571,10.5079,3.51,10.5121,2.9427,10.5078,3.5259,10.5125,2.9297,10.5075,3.543,10.5128,2.9241,10.507,3.5669,10.513,2.9035,10.507,3.5882,10.5134,2.8911,10.5065,3.6095,10.5133,2.8713,10.5068,3.6316,10.5136,2.8499,10.5062,3.665,10.514,2.7999,10.5051,3.694,10.5139,2.7592,10.5057,3.7318,10.514,2.7047,10.5052,3.8158,10.5146,2.3746,10.5034,,,,,,,,,,,,,,,,,,,,
3.4891,10.6188,3.0768,10.6158,3.4682,10.6192,3.0084,10.616,3.4835,10.6196,2.9755,10.6163,3.4986,10.6195,2.9543,10.6164,3.5149,10.6203,2.9352,10.6162,3.5334,10.6205,2.9197,10.6161,3.5507,10.6209,2.9057,10.6158,3.5667,10.6211,2.8998,10.6153,3.5919,10.6213,2.8776,10.6154,3.6129,10.6218,2.8645,10.6148,3.6346,10.6217,2.8423,10.6151,3.6572,10.622,2.8173,10.6145,3.6924,10.6224,2.7555,10.6134,3.7244,10.6223,2.7036,10.614,3.7645,10.6224,2.6321,10.6135,3.8504,10.623,2.0741,10.6117,,,,,,,,,,,,,,,,,,,,
3.4974,10.7272,3.0704,10.7241,3.4793,10.7275,2.9901,10.7243,3.5023,10.728,2.9553,10.7246,3.5228,10.7279,2.9328,10.7248,3.5439,10.7287,2.9125,10.7245,3.5649,10.7288,2.8958,10.7244,3.5816,10.7293,2.8804,10.7241,3.5939,10.7295,2.874,10.7237,3.6196,10.7297,2.8493,10.7237,3.6397,10.7302,2.8347,10.7231,3.662,10.7301,2.8089,10.7234,3.6854,10.7304,2.7783,10.7228,3.723,10.7308,2.699,10.7217,3.7596,10.7306,2.629,10.7223,3.801,10.7308,2.5264,10.7218,3.9002,10.6953,1.9991,10.6276,,,,,,,,,,,,,,,,,,,,
3.5071,10.8355,3.0637,10.8324,3.4954,10.8359,2.9713,10.8326,3.5302,10.8363,2.9344,10.8329,3.5583,10.8363,2.9105,10.8331,3.5844,10.837,2.8888,10.8329,3.6041,10.8372,2.8707,10.8328,3.6172,10.8377,2.854,10.8325,3.6248,10.8379,2.8462,10.832,3.6499,10.8381,2.818,10.832,3.6687,10.8386,2.8005,10.8315,3.6919,10.8385,2.7691,10.8317,3.7167,10.8388,2.73,10.8311,3.7586,10.8392,2.6226,10.83,3.8012,10.839,2.5181,10.8306,3.8427,10.8392,2.3501,10.8301,,,,,,,,,,,,,,,,,,,,,,,,
3.5187,10.9439,3.0564,10.9408,3.5188,10.9442,2.9518,10.9409,3.5686,10.9447,2.9128,10.9413,3.6024,10.9446,2.8873,10.9414,3.6291,10.9454,2.8641,10.9412,3.6456,10.9456,2.8443,10.9411,3.6546,10.946,2.8255,10.9408,3.6576,10.9463,2.8158,10.9403,3.682,10.9465,2.782,10.9403,3.6999,10.947,2.7596,10.9398,3.7243,10.9469,2.7198,10.94,3.7516,10.9472,2.6668,10.9394,3.8008,10.9476,2.5087,10.9383,3.8509,10.9474,2.3262,10.9389,3.8967,10.9476,1.9984,10.9319,,,,,,,,,,,,,,,,,,,,,,,,
3.5323,11.0522,3.0486,11.0491,3.5514,11.0526,2.9318,11.0493,3.6092,11.0531,2.8904,11.0496,3.6409,11.053,2.8632,11.0498,3.6657,11.0538,2.8381,11.0495,3.6829,11.0539,2.816,11.0494,3.6914,11.0544,2.794,11.0491,3.6911,11.0547,2.7818,11.0486,3.7157,11.0549,2.7391,11.0486,3.7334,11.0553,2.7086,11.0481,3.7601,11.0553,2.6549,11.0483,3.7908,11.0555,2.5744,11.0477,3.8517,11.056,2.3113,11.0466,3.9001,11.0385,1.9987,11.027,3.9001,10.9534,,,,,,,,,,,,,,,,,,,,,,,,,,
3.548,11.1606,3.0401,11.1574,3.5891,11.161,2.911,11.1576,3.6432,11.1614,2.8671,11.1579,3.6716,11.1614,2.8378,11.1581,3.6946,11.1622,2.8103,11.1579,3.7134,11.1623,2.7851,11.1578,3.7259,11.1628,2.7583,11.1574,3.725,11.163,2.7419,11.157,3.7517,11.1633,2.6854,11.1569,3.7703,11.1637,2.6399,11.1564,3.8,11.1636,2.5571,11.1567,3.8361,11.1639,2.4134,11.156,3.9002,11.142,1.9992,11.131,,,,,,,,,,,,,,,,,,,,,,,,,,,,,,,,
3.5657,11.269,3.0309,11.2657,3.6241,11.2693,2.8894,11.2659,3.6715,11.2698,2.8426,11.2663,3.6979,11.2697,2.8107,11.2664,3.7204,11.2705,2.7799,11.2662,3.7408,11.2707,2.7502,11.2661,3.7582,11.2712,2.7163,11.2658,3.7594,11.2714,2.6927,11.2653,3.7909,11.2716,2.6093,11.2653,3.812,11.2721,2.5312,11.2647,3.847,11.272,2.3731,11.265,3.8936,11.2723,2.0496,11.2643,,,,,,,,,,,,,,,,,,,,,,,,,,,,,,,,,,,,
3.5852,11.3773,3.0206,11.3741,3.6536,11.3777,2.8669,11.3742,3.6968,11.3781,2.8166,11.3746,3.7225,11.3781,2.7814,11.3748,3.7461,11.3789,2.7459,11.3745,3.7684,11.3791,2.7092,11.3744,3.7893,11.3795,2.6628,11.3741,3.7946,11.3798,2.6253,11.3736,3.8345,11.38,2.4751,11.3736,3.8616,11.3805,2.3047,11.373,3.9001,11.3696,1.9997,11.3596,3.9002,11.2832,1.9982,11.2734,,,,,,,,,,,,,,,,,,,,,,,,,,,,,,,,,,,,
3.6063,11.4857,3.009,11.4824,3.6796,11.486,2.8432,11.4826,3.7205,11.4865,2.7888,11.4829,3.7474,11.4865,2.7487,11.4831,3.7729,11.4873,2.7061,11.4829,3.797,11.4874,2.6566,11.4827,3.8209,11.4879,2.5832,11.4824,3.8318,11.4882,2.5123,11.4819,3.8863,11.4884,2.131,11.4819,3.9001,11.4491,1.9978,11.4391,,,,,,,,,,,,,,,,,,,,,,,,,,,,,,,,,,,,,,,,,,,,
3.6286,11.594,2.9964,11.5907,3.7035,11.5944,2.818,11.5909,3.7445,11.5949,2.7581,11.5912,3.7733,11.5948,2.711,11.5914,3.8007,11.5957,2.6555,11.5912,3.8273,11.5958,2.5778,11.5911,3.8557,11.5963,2.4265,11.5907,3.8763,11.5966,2.2397,11.5902,3.9001,11.5133,1.9996,11.5036,,,,,,,,,,,,,,,,,,,,,,,,,,,,,,,,,,,,,,,,,,,,,,,,
3.6515,11.7024,2.9827,11.699,3.7262,11.7028,2.7909,11.6992,3.7696,11.7032,2.7234,11.6996,3.8003,11.7032,2.6641,11.6997,3.8303,11.704,2.5804,11.6995,3.8612,11.7042,2.4205,11.6994,3.8988,11.7047,1.9977,11.6926,3.9,11.6453,1.9999,11.635,,,,,,,,,,,,,,,,,,,,,,,,,,,,,,,,,,,,,,,,,,,,,,,,,,,,
3.6748,11.8107,2.9676,11.8074,3.7495,11.8111,2.7612,11.8076,3.7957,11.8116,2.6817,11.8079,3.8286,11.8115,2.5969,11.8081,3.8629,11.8124,2.4314,11.8078,3.9001,11.8053,1.9997,11.7954,3.9001,11.7075,,,,,,,,,,,,,,,,,,,,,,,,,,,,,,,,,,,,,,,,,,,,,,,,,,,,,,,,,,
3.6983,11.9191,2.9513,11.9157,3.7738,11.9195,2.7276,11.9159,3.8228,11.92,2.6251,11.9162,3.8593,11.9199,2.4709,11.9164,3.9001,11.9157,1.9995,11.9057,,,,,,,,,,,,,,,,,,,,,,,,,,,,,,,,,,,,,,,,,,,,,,,,,,,,,,,,,,,,,,,,
3.722,12.0274,2.934,12.024,3.7991,12.0278,2.6874,12.0242,3.8515,12.0283,2.531,12.0246,3.8952,12.0283,2.0532,12.0247,,,,,,,,,,,,,,,,,,,,,,,,,,,,,,,,,,,,,,,,,,,,,,,,,,,,,,,,,,,,,,,,,,,,
3.7454,12.1358,2.915,12.1323,3.8254,12.1362,2.6331,12.1325,3.8838,12.1367,2.2711,12.1329,3.9,12.0413,1.9983,12.0309,,,,,,,,,,,,,,,,,,,,,,,,,,,,,,,,,,,,,,,,,,,,,,,,,,,,,,,,,,,,,,,,,,,,
3.7671,12.2442,2.894,12.2407,3.853,12.2446,2.5408,12.2409,3.9001,12.1847,1.9984,12.1737,,,,,,,,,,,,,,,,,,,,,,,,,,,,,,,,,,,,,,,,,,,,,,,,,,,,,,,,,,,,,,,,,,,,,,,,
3.7777,12.3525,2.8704,12.349,3.8839,12.3529,2.2759,12.3492,,,,,,,,,,,,,,,,,,,,,,,,,,,,,,,,,,,,,,,,,,,,,,,,,,,,,,,,,,,,,,,,,,,,,,,,,,,,
3.7878,12.4609,2.8424,12.4573,3.9001,12.4031,1.9968,12.3914,,,,,,,,,,,,,,,,,,,,,,,,,,,,,,,,,,,,,,,,,,,,,,,,,,,,,,,,,,,,,,,,,,,,,,,,,,,,
3.8032,12.5692,2.8065,12.5656,,,,,,,,,,,,,,,,,,,,,,,,,,,,,,,,,,,,,,,,,,,,,,,,,,,,,,,,,,,,,,,,,,,,,,,,,,,,,,,,
3.8183,12.6776,2.7567,12.674,,,,,,,,,,,,,,,,,,,,,,,,,,,,,,,,,,,,,,,,,,,,,,,,,,,,,,,,,,,,,,,,,,,,,,,,,,,,,,,,
3.8402,12.7859,2.6873,12.7823,,,,,,,,,,,,,,,,,,,,,,,,,,,,,,,,,,,,,,,,,,,,,,,,,,,,,,,,,,,,,,,,,,,,,,,,,,,,,,,,
3.8641,12.8943,2.5912,12.8906,,,,,,,,,,,,,,,,,,,,,,,,,,,,,,,,,,,,,,,,,,,,,,,,,,,,,,,,,,,,,,,,,,,,,,,,,,,,,,,,
3.8924,13.0027,2.4563,12.9989,,,,,,,,,,,,,,,,,,,,,,,,,,,,,,,,,,,,,,,,,,,,,,,,,,,,,,,,,,,,,,,,,,,,,,,,,,,,,,,,
3.9001,13.0276,2.2223,13.1073,,,,,,,,,,,,,,,,,,,,,,,,,,,,,,,,,,,,,,,,,,,,,,,,,,,,,,,,,,,,,,,,,,,,,,,,,,,,,,,,
,,1.9989,13.1575,,,,,,,,,,,,,,,,,,,,,,,,,,,,,,,,,,,,,,,,,,,,,,,,,,,,,,,,,,,,,,,,,,,,,,,,,,,,,,,,
